Date,롯데쇼핑,HD현대,서부티앤디,하나금융지주,모두투어,SK디앤디
2022-04-04,0.01425690543356799,0.012879601532435383,0.004842522863444633,0.002063990219006808,0.02256500835064386,0.00991741819017119
2022-04-05,-0.002024273891155451,0.009099281834104923,0.028573408729461746,-0.029290786780769063,0.014098986567166807,0.0
2022-04-06,-0.010183381833852565,-0.0054495787061173305,-0.02375411610057092,0.0074034017912265404,0.029558797614774684,-0.019934107588006695
2022-04-07,-0.021728718046643825,-0.007312611651378907,0.0,-0.015932165659707998,-0.021590660744670136,-0.008424703674525923
2022-04-08,-0.011572969929136001,0.005489384415728151,0.00479617839717235,-0.00752304095010365,0.0019821924102673117,0.001690614258024528
2022-04-11,0.011572969929135908,0.012692928029119142,-0.014457993889507805,0.013926399351022833,-0.026079724770828323,0.0
2022-04-12,-0.021142515277691162,-0.0018034988346535697,0.004842522863444633,-0.0021300292827820992,-0.024692675146588284,-0.020478563910004122
2022-04-13,0.009569545348555265,0.033720950267993675,0.0,0.006376332448649024,0.014478083228572813,0.006873009367172889
2022-04-14,-0.005305094359799665,0.010416789505519535,-0.004842522863444622,-0.002120897698304728,-0.01865343767651561,0.00512375569604254
2022-04-15,0.0010632547056041671,0.013722354202172379,0.009661815492335574,-0.004255434750344265,0.010405920129044541,0.011854547160537241
2022-04-18,0.021031346793005046,-0.006837601141943639,0.0,-0.00427332911813711,-0.018809296570917938,-0.011854547160537403
2022-04-19,-0.006263100277832077,0.013628766821991743,0.00479617839717235,0.019088459052503254,0.0,0.005097707313228702
2022-04-20,0.017644480106299598,0.0,-0.009615471026063123,0.0031462674217319795,0.0021074318934225194,-0.005097707313228608
2022-04-21,0.011253300375563866,-0.005089045624692132,0.009615471026063228,0.006263087196736572,-0.0063357506073361235,-0.003412894712009
2022-04-22,-0.005099490632649004,-0.0017021200553559957,-0.014457993889507805,0.014463197950609573,-0.01494164604195855,0.0
2022-04-25,-0.049250392944577885,-0.005123736384287909,-0.004866195439072707,-0.027028845961873677,-0.02394015299245181,-0.012038098747375818
2022-04-26,0.011745981975863403,0.0034187141757340855,0.08863597545454098,-0.004223787752873471,-0.008849666983721223,0.0017286777211726221
2022-04-27,-0.02798883932474576,-0.006849309399079982,-0.022574250018322983,-0.02139115516808233,-0.01793762721043022,-0.013913313728794077
2022-04-28,0.02159900823471325,0.013652100343652053,-0.00917448989527662,0.02877123631375114,0.0067643276038932615,0.003496573244116339
2022-04-29,0.009569545348555265,-0.01193536987796194,-0.00925913109553168,-0.012685100651584175,0.02222313482332693,-0.001746794841770865
2022-05-02,0.0,-0.003436413163785745,0.004640179076419402,-0.008547085463627393,0.0,-0.0017497784023453396
2022-05-03,-0.002118715776388208,0.003436413163785692,-0.02342030589841826,-0.007539050198539617,-0.02222313482332682,-0.0017528454943179345
2022-05-04,-0.008519767139471831,0.003424644658259355,-0.009523788294829966,0.022448751813176925,-0.03661730436700722,-0.00527704703101269
2022-05-06,0.0010689375673047805,0.003412956483684247,-0.014457993889507805,-0.004237210683447795,-0.004672979409598778,-0.0035334919609725057
2022-05-10,-0.006430832290316302,0.006791165680048049,-0.024571290245915135,-0.024719175200717886,-0.028505471707638917,-0.021467837257477668
2022-05-11,0.04004749716110293,-0.018787825087580975,0.00496279536210374,-0.03206480567675231,0.0072029306087446066,0.044215857751402333
2022-05-12,0.00823051210045117,-0.005185889564992541,-0.032196024832214655,0.0033651792987682686,-0.05659568109304314,-0.008688062763505165
2022-05-13,0.0391812920122914,0.02228031770854371,0.0071320254579593945,0.02761084198970552,0.029927398062121916,0.03430861597437515
2022-05-16,0.004913970438795841,0.013468227927185801,-0.029883742514808232,0.011911334452787211,0.017052863803166618,-0.003378375162721146
2022-05-17,-0.009852291489316555,0.018227500771809423,-0.005243973930808888,-0.004314915993519889,-0.01459883609850369,-0.01706522774574251
2022-05-18,0.0,0.008176621654870476,-0.02448231603718744,-0.0010817181614489794,-0.019802644816668654,-0.006908549213900334
2022-05-19,-0.04040951750171595,-0.016420652005486716,-0.02399232499331675,-0.019672723930558477,-0.012578780950116168,-0.008703258693781989
2022-05-20,-0.007242682371880189,-0.006644585073888579,0.030437181946228797,0.03577613024076931,0.012578780950116131,0.015611807907682294
2022-05-23,0.013409228911825355,-0.0236099042190627,-0.0053677657414305645,0.009539098969542881,0.0024969195650717266,0.01706522774574247
2022-05-24,-0.0061665465399452285,-0.012017331993618471,-0.023966307488032704,0.00526046414090306,-0.010025205242219693,-0.0033898981205855417
2022-05-25,0.004115195054315735,0.005168022594538402,0.004400489432557264,0.004188309710287692,0.0,0.008453260692358907
2022-05-26,-0.009283118416866399,0.00514137512394948,0.004381149222434573,0.00728797198498769,0.0,-0.006756839847308738
2022-05-27,0.01644429686092544,0.013582563213514122,0.016260541435229012,0.01748126187589326,0.046749033197541826,0.006756839847308611
2022-05-30,0.01918290325788286,0.010067300617837612,0.010695243364636505,0.00913237160323067,0.016686897796431427,0.005037714257236261
2022-05-31,0.014888561795978826,0.04248999298082048,0.009528912261396509,0.0,0.0,0.03457134745777682
2022-06-02,-0.030002320064549677,0.0,-0.002109637801450018,-0.0391399301198559,-0.01428599372055973,-0.016313613024253954
2022-06-03,0.07808848116003596,0.006379576545326681,-0.006355867076162914,0.0,0.02837076905515457,0.013072192971460273
2022-06-07,-0.014184587073679355,0.012638409228617776,-0.028019192183649094,-0.018018510707366937,-0.018824101297198862,-0.01636694505039206
2022-06-08,0.028170861215781422,0.021739952742092825,0.019481052996866897,0.0,0.0,-0.0033058506023362303
2022-06-09,-0.01869212261060495,-0.004618923960986675,-0.007530844485229556,-0.004287167171284781,-0.011947571833827362,-0.03538708504783617
2022-06-10,-0.019048184169087434,0.006153904862116785,-0.006500536433903536,-0.011885691018292474,-0.016970082511443243,-0.022550783083516563
2022-06-13,-0.02927044950841676,-0.03750442553573253,-0.05588052779811314,-0.02866777779741131,-0.04500760921906559,-0.04852702310020343
2022-06-14,0.004938321050520786,-0.003189851437987142,-0.0034541880290241476,0.010016756301156815,-0.0025608612284628816,-0.01858785972695651
2022-06-15,-0.009901065562942273,-0.030821506295473748,-0.01160113735729037,-0.01900560655874804,-0.025975483723563744,-0.02661756860204818
2022-06-16,0.004962744512421476,0.0016460830478408964,-0.0035066773707287478,-0.007932127453380183,-0.0026349844919037685,-0.017493123398726135
2022-06-17,-0.031173855737871976,-0.016584122861098474,-0.02730144722962859,-0.0311984108833746,-0.02673955649842297,0.005865107970057455
2022-06-20,0.0020407117345309454,-0.010084146039522093,-0.03676875815568816,-0.015375812483251367,-0.06435788049168431,-0.03976676120506705
2022-06-21,0.04874168815812922,0.033225565358593785,0.01117328672779161,0.005941859582318676,0.011494332202882748,0.01209706655128774
2022-06-22,-0.03759105468506417,-0.03153780925244613,-0.0519433006347494,-0.05354081320864614,-0.09274202822288624,-0.02434209457190843
2022-06-23,-0.0030287483533896482,-0.018723938337463563,-0.03170676179203375,0.0012492797897630042,-0.04816339462162869,-0.01865326781351886
2022-06-24,0.021011258883665576,0.013652100343652053,0.036894746768725735,0.006222757026155311,0.009820005969156304,0.05296534922565011
2022-06-27,0.0244511247487532,0.038242365848796624,0.026804476377712643,-0.012484593475004687,0.06921003247063666,0.017699707813556703
2022-06-28,-0.004842580593964963,0.006504129614454576,-0.019072368854080625,0.023588940838783226,-0.009160392540637826,-0.0019512163187657824
2022-06-29,-0.009756252665471764,-0.02498057528779067,-0.0220645761868905,-0.001252358093579925,-0.006153840383340192,0.01379329534041199
2022-06-30,0.019418158019100247,0.0016850056228316427,-0.03335855775599837,-0.013880231903331769,-0.012422530723547588,0.009737224811763659
2022-07-01,-0.034233194020838256,-0.023851223224513687,-0.020562855604802654,0.01137091254914875,-0.028528092792607644,0.0
2022-07-04,0.029413869261174706,-0.04406004921276616,-0.016760097335763023,-0.03711232802701687,-0.012945176030503536,-0.04154908492183798
2022-07-05,-0.0145988332594368,-0.012692751332288196,0.0481192325910966,0.01552413390903669,0.016155438563840815,0.01204826895731426
2022-07-06,-0.026827168671023534,-0.05823246675862323,-0.034133050383334335,-0.036605328193355116,-0.012903416407326477,-0.00801591861576653
2022-07-07,-0.00808912183232192,0.015355405416805998,0.024692659635331838,-0.0201755691257287,0.022472891668353777,0.004016073463942369
2022-07-08,0.0050634284290548654,0.00759021929629719,-0.009530437754294374,0.010810939523521485,-0.006369485543581275,-0.006030298961427822
2022-07-11,-0.048638747775867415,-0.011407043124786726,-0.01933745932164928,-0.017627590557355338,-0.019355428281286956,-0.008097135504807151
2022-07-12,-0.045560982179459274,-0.017358143815490914,-0.03260393513019051,-0.013774368002248811,-0.06042101180453362,0.0
2022-07-13,0.004429740019885364,0.005819562227174317,0.02981049408258617,-0.011157679278497605,0.04068354422279803,-0.05001047194679496
2022-07-14,-0.004429740019885341,-0.0038759996068344423,-0.0013995355230111224,-0.024131821275153165,0.009917461612579274,-0.02597542404695405
2022-07-15,-0.014533477727645763,-0.0077972765425935245,-0.02553327115261426,-0.02767827761249442,-0.0199342653137389,-0.017699594791765347
2022-07-18,0.01231127475212398,0.02893172788395369,0.04906370704487894,0.05040664154814001,0.01001680370115949,0.03509135458591694
2022-07-19,-0.004459370637508809,0.0,0.024325570742924654,0.0014034573395075637,0.0,0.012848067520658884
2022-07-20,0.04050910303860556,0.005687172978577668,-0.016151021891158863,0.026299112060638244,0.0033167390827677306,-0.004264403267856505
2022-07-21,0.014909710568882906,0.0018885870772788488,0.02545341180656581,0.021622569734571186,0.009884784239167265,0.014846566870492359
2022-07-22,-0.009559200453713224,0.003766424784450944,-0.03226087426408187,-0.033993896117097334,-0.013201523321934945,0.0
2022-07-25,0.005321944156580198,0.001877947229471349,0.020284697382136743,0.0027624541029453767,-0.003327776459160501,0.006295977660025639
2022-07-26,0.007403547058467544,0.024097547650724572,0.05089164249205883,-0.009702037219666133,0.0,0.02070469272996867
2022-07-27,-0.0031662907613345934,0.010928982998615493,0.011385308356789177,0.0055554274297846705,-0.013423031959852361,0.0162603701911156
2022-07-28,-0.015983238272996553,0.0036166646256637733,0.006269620874541795,0.01920506832340459,-0.006779659148235783,0.03564737642813673
2022-07-29,0.024404443585353455,0.026715768581040585,-0.0025031890405896864,0.010810939523521485,0.026847206650016234,0.001943597349882748
2022-08-01,-0.015848228130347072,0.01048959954821712,0.01245347726822975,-0.008097212665519212,0.019672750655482192,0.017324841340164626
2022-08-02,-0.02152934482776452,-0.0052310074396337575,0.013522069822757252,0.0,-0.026317266197410285,-0.00958777140332638
2022-08-03,0.02259373124734457,0.0,-0.001221775940176081,-0.0013559428901010926,0.016529299781095488,-0.007737069936838302
2022-08-04,0.01583150122077712,-0.010544905571063959,0.00973246273404001,0.009453155555620285,0.035430419879542235,0.017324841340164626
2022-08-05,0.015584678221759908,-0.0017684365666777344,0.016807046580220832,0.022592319961413695,0.0,0.026366902356490435
2022-08-08,0.04534783855223668,0.005295800335519238,-0.0023837812540028164,0.025941761710402158,0.0,0.012927209567727789
2022-08-09,0.0,0.0070175418022223384,0.002383781254002775,0.010191136754451177,0.006309205947095684,0.03249386600370292
2022-08-10,0.0,0.020761976706162318,0.0059348090865203006,-0.0038094448398717008,-0.01584825328555065,-0.0017778165393498443
2022-08-11,0.0146702231042675,0.003418829361740915,0.0011827599905898088,0.021397862820337333,0.03454037126537176,0.0
2022-08-12,-0.009756252665471764,0.018597371827227416,0.008240184883290204,-0.013793317511340804,-0.003091179857167822,0.019383922302060867
2022-08-16,-0.009852291489316555,-0.010101236933530648,-0.03216480054062137,-0.0114286712668411,0.003091179857167723,-0.010526495664258126
2022-08-17,0.0,-0.0016934173301510265,-0.019560509414957558,0.002551041496302451,-0.021841776521147126,-0.037740255545421424
2022-08-18,0.004938321050520786,0.0067568271278100125,-0.007435015337061888,-0.01929323755808232,0.009419245797599621,0.0
2022-08-19,-0.014888561795978781,-0.0033727067356566598,-0.003738271390729761,0.0,-0.0094192457975996,0.01994624662573244
2022-08-22,0.014888561795978826,0.01175496707531009,-0.020177282470288202,-0.018349164369730858,-0.012698594744224703,-0.01629000680256676
2022-08-23,-0.019901143368816265,0.008312581711067855,-0.006389806263987339,-0.0013236372281430456,-0.0031999897174461007,0.0
2022-08-24,0.0010045113284859273,0.02936587443970952,0.03278982282299097,0.02872259231376537,0.08299688803117168,-0.0036562398231656606
2022-08-25,0.008995566477388054,-0.004834781225869126,0.014778599319993861,0.008968739570408507,0.0,-0.007352981522271445
2022-08-26,0.0,0.009646370118915674,-0.02350139338629877,-0.0038339001812550586,-0.0059171530423342295,0.0
2022-08-29,-0.02928022644934914,-0.009646370118915787,-0.030497855679244148,-0.02594176171040205,0.03211959208942388,-0.009267954345346295
2022-08-30,0.01726809378006372,0.016026019137437304,0.03922064974554897,0.019519082093241397,0.042200348831626405,0.012951203383415726
2022-08-31,-0.00504800643702534,0.004758168637932622,-0.006222734088715272,0.011531287070198024,-0.016667094775254337,-0.014815177061306379
2022-09-01,-0.027708211826911466,-0.02564252909918024,-0.036876486068849114,-0.045610515033615406,-0.011267678837234552,-0.03802727797585241
2022-09-02,0.00725761238342216,0.0016220711308753415,-0.0025939520061421363,0.005319084311641064,0.008462695091809922,-0.011696051000405546
2022-09-05,0.002063965560505924,-0.0016220711308753597,-0.0026007704275968152,0.00924106155853506,-0.01699761907769114,0.003913822877349213
2022-09-06,0.0030880702570447315,0.011299629841655565,0.0,-0.0026316008181815334,0.0281708738148623,0.005842241823300025
2022-09-07,-0.018672748478804544,-0.026017755865987813,-0.0398459579444057,-0.03077165866675366,-0.028170873814862347,-0.017630209941084867
2022-09-08,0.022775281114802492,-0.011599139465251651,0.01746178987849545,0.005420109328710749,0.0028531139162434765,0.0059113938281663905
2022-09-13,0.0030658919056460025,0.01488863776378655,0.03403477076370675,0.059033519319663996,0.044575552756926956,0.02138069788468358
2022-09-14,-0.04380258120609105,-0.03509140490425075,-0.035367099225158384,-0.020592792976907193,-0.027626063850054856,-0.02729209171284997
2022-09-15,0.007435001324665103,0.011834535944679665,-0.013423186483748524,0.007772119918070033,0.013908428816947526,0.003944782445386704
2022-09-16,-0.011708564333501228,-0.016949670741208768,-0.027398934568627183,0.0038632955775104076,0.04589207314716123,-0.011881258632396995
2022-09-19,-0.011847188433342766,-0.0034246084096645675,-0.001389809756648046,-0.007741804824547346,0.010498740871431699,-0.020121423154731227
2022-09-20,0.022497001048398357,0.006837603797838745,0.019284338052180036,0.011590574852836742,0.007802399893871379,0.016129397957988803
2022-09-21,0.0,0.005097750969841196,0.04011230665225666,-0.01808825778529031,0.0,0.019802646624188455
2022-09-22,-0.0063762496062194154,0.016807155578977745,-0.009216652408419462,-0.0052288102569105765,-0.02359224178215204,-0.015810621427446103
2022-09-23,-0.0369206239218716,-0.013423035186824245,-0.03226087426408187,0.025874633998935796,-0.03509122952000671,0.0019900115328437924
2022-09-26,-0.04641463442121207,-0.05378570274997793,-0.048995009346774934,-0.04305947353731312,-0.022223155172677526,-0.04680407232186133
2022-09-27,0.04086835873637957,-0.0035715345810334895,0.0184795188637253,-0.02839951361341343,0.05996343466577304,-0.01892798590503994
2022-09-28,-0.023636514218995874,-0.030883356921102074,-0.015614279290230496,0.0013708127601655682,-0.03499685930741921,-0.05453915216337288
2022-09-29,-0.005710986196221417,0.014652212476704632,-0.0173164566051794,0.0,-0.04196419443604486,-0.01354423892121701
2022-09-30,-0.009206063437498514,-0.01649894721615711,-0.002915360469660207,-0.029189048647873868,0.0028531139162434765,0.015783929722767976
2022-10-04,0.05181340036609804,0.05046109285938059,0.03302523217942377,0.04952864978151597,0.033616583682126486,0.017738751032353332
2022-10-05,-0.03803594172252175,0.007005252244552465,-0.01565865467807882,0.026491761939633107,-0.005524853202918983,0.0
2022-10-06,0.012464830457015736,0.010416754099104716,0.012829732018774267,-0.023810774223215952,0.016483822277719544,0.0
2022-10-07,0.006733971111907246,0.020513526726525972,0.06710256709491128,0.013298112637335017,-0.03606495417852678,0.0
2022-10-11,-0.011248706508917782,-0.025708302073370205,-0.075637433125438,-0.026775330281004345,-0.07323909689936578,-0.028987520943573885
2022-10-12,0.00788738923812133,0.00692048864651547,0.009950327710272022,0.01347721764366929,0.021053441889726077,0.004514684958825613
2022-10-13,-0.01926407005535986,-0.010398699560643706,-0.038937901928525545,0.004008112003188765,-0.0645385605354945,-0.034367631213393444
2022-10-14,0.017016802825648006,0.018982349299331926,0.030415159718718433,0.02501772205670822,0.02817088572179052,0.011587674071708985
2022-10-17,-0.002252137035426069,-0.012037907428504217,-0.015816341354449027,-0.003908830153131357,-0.012422530723547588,0.0
2022-10-18,0.02008996817155829,0.006896548996072463,0.010093889865736502,0.02831591156001639,0.02773676364752551,0.020525208814323837
2022-10-19,-0.005540318740008368,0.010256493228960831,-0.024692708230005935,0.0025349880739254866,-0.034006350903799144,-0.013636588315544939
2022-10-20,0.019802636561424468,-0.006825935363800098,-0.02381062999309651,-0.008900318000205682,-0.025479107054969228,-0.009195571064108858
2022-10-21,-0.01536798513199087,-0.015530969266528537,-0.009077179245088399,-0.008980245573895674,-0.019544580481024563,-0.0046294523711674996
2022-10-24,-0.005546275684832555,-0.0052310074396337575,0.026988112247055347,-0.026111114857615133,0.013072028125670685,-0.009324181543078172
2022-10-25,-0.01569543799840063,-0.012313342137741656,-0.014903424750908119,0.009216726432574866,-0.022989489738249852,0.0
2022-10-26,-0.0011305721507336762,-0.005323838741021843,-0.01818224103031884,0.02715096822345602,-0.016750808419012754,-0.0165292698887442
2022-10-27,0.014598763165848377,0.04692434000101134,0.038985362772356584,0.047331406765687305,0.029952331740947687,0.01183442083174715
2022-10-28,0.018774727965441666,0.023491094412547948,-0.008862649441876,0.0060643464739705295,-0.019868187321902004,-0.016607704263377175
2022-10-31,-0.04475017194852867,0.009901063439417433,-0.002971757633771284,-0.002421435170387257,0.0066666639999670915,-0.01445809748470844
2022-11-01,0.009111694695011687,0.0032786410043428747,0.01769958290043354,0.0012115044114250828,0.01320152332193498,0.016847440191281596
2022-11-02,0.015748310257835522,0.004897929711925312,-0.008810673523587286,-0.002424370268847924,-0.00988478423916728,0.011862693905121523
2022-11-03,-0.006718985019903144,0.0,-0.01936020576352207,-0.008531392718033028,-0.026847206650016178,-0.016647200446942383
2022-11-04,0.008948714978282738,0.014551686851184721,0.004501155140082535,-0.0024510006111515903,0.0334479291798278,-0.014493120894246451
2022-11-07,-0.010072932085578884,0.02379178104019928,0.005970141246593266,0.0012262512308873254,0.009820005969156304,0.009685414816777278
2022-11-08,0.0022472672297119234,0.0046911356224443096,0.02353047818584188,-0.0012262512308873024,0.0225452739564823,0.047067365248829436
2022-11-09,0.0033613172707964373,-0.015723629057805628,-0.01169607111019461,0.010982393329184622,-0.02254527395648235,0.020478599605521584
2022-11-10,-0.020339692708470938,-0.025683552471778025,-0.001471623448954914,-0.0159023809097923,-0.016420728498967755,0.01564274732952234
2022-11-11,0.02813919932420941,0.004866150432651041,0.054454795309836865,0.0207449354223982,0.07339818194876015,0.006629820225590183
2022-11-14,0.00553399842107725,0.009661904070520864,-0.01687812086858701,-0.0036296886551829125,-0.006172833760301436,-0.026787252513937893
2022-11-15,-0.0033167226843183063,-0.012903419477887422,0.040311245340046424,-0.007299359420397411,0.02446601259470884,0.00900907910966951
2022-11-16,0.00772207000406514,0.009693122549679245,-0.013717730099738316,0.019347684362467935,0.0,0.0022396908015510186
2022-11-17,-0.030119410656463928,-0.0032205652162722352,-0.01671340984996012,-0.018127309804921693,-0.03379736346108866,0.002234594115633649
2022-11-18,-0.010244829026254787,0.01441180312784039,-0.0070472544541172796,0.009708673518034141,-0.028528092792607644,-0.002234594115633762
2022-11-21,-0.006888696423907061,0.020457043069648247,-0.007097270936808101,0.013197655022275842,-0.0227651819996598,0.0
2022-11-22,-0.01743210835195695,-0.009389733242502273,-0.0028530567734639254,0.008308717252717724,-0.009917461612579294,-0.03877347182654895
2022-11-23,0.009334872626116403,0.018692118929096318,0.022599891324998324,-0.0011827413431142275,0.029462042093603914,0.002323026795971999
2022-11-24,-0.010507882638413655,-0.010861242713190519,0.019364283857885904,0.02570223649522379,0.041080045177622676,0.004629452371167516
2022-11-25,0.004683806861461185,0.009316830688851205,0.013605594468982903,-0.001153974396734108,-0.015600938122653429,0.0
2022-11-28,-0.029640513967992905,-0.0030959981456908916,-0.023240903610864536,-0.0340607861021752,-0.03195165941032319,0.06914694136096002
2022-11-29,0.01196185793700269,0.004640410170030252,0.0299750194255716,0.044399741449765794,0.0413413612445407,0.0
2022-11-30,0.00474492429692046,-0.004640410170030184,-0.0013432151161924357,0.01812048011488662,-0.0031201145779438007,-0.010834397513118637
2022-12-01,-0.0011842228036791534,0.007722096959464086,0.017322255591594893,0.032029391520111763,0.04281994442037756,0.0
2022-12-02,-0.005941734677831652,-0.02177380571853015,0.007894744089051896,-0.00983084833159392,0.0,0.002176237016131808
2022-12-05,0.014201394826220522,0.009389733242502155,0.029698813201694263,0.0010971012822813177,0.023669765641151936,-0.02420358225285409
2022-12-06,0.008191996658526969,0.007757973662254728,-0.017972308136006303,-0.005497582485460459,0.0,-0.02480395689892537
2022-12-07,0.053330939619313386,-0.01244185384291,-0.0025939520061421363,-0.027950412031410868,0.00583089668168222,-0.018433720879333326
2022-12-08,-0.02574293926676852,-0.009434025384927441,-0.011757142291850752,0.015748478448041555,-0.020558702013644292,-0.0164129984799748
2022-12-09,0.021313199246883192,0.007867912916541854,0.02209310711223047,0.036168214249531615,0.020558702013644316,0.018736025275946932
2022-12-12,0.01760214927802552,0.017094408829065502,-0.010335964820379632,0.01601736203581387,-0.011695992226980326,0.0
2022-12-13,-0.004371552243805615,-0.006182440663460879,0.0012978170762115914,-0.018172552036383238,-0.020803101322723415,-0.0023230267959720437
2022-12-14,-0.014341175754342904,0.013856991195021312,0.02307791988703894,-0.004324364785977927,0.0029984312268697,0.009259429732469428
2022-12-15,-0.024748138474394634,-0.004597672379353404,-0.037447834668020694,-0.03528478786495341,-0.027315759793696243,-0.011587674071708989
2022-12-16,0.007941076220595134,-0.003076878152206909,-0.018592826609942235,0.0044793256470949784,-0.015504184626681263,0.004651271135211547
2022-12-19,-0.006802782419951063,0.001539656296003055,0.009339550560243496,-0.004479325647095019,0.021639148157469413,-0.02347537548316055
2022-12-20,-0.004560970189334934,-0.012384072476027873,-0.01606460877596234,0.0011217138492588077,-0.04056714302409816,-0.01676692678108202
2022-12-21,-0.0022883098075306032,0.012384072476027968,0.005383644906431191,0.015573195502343155,0.018927994866628675,0.02386760401248478
2022-12-22,0.03045912467061604,0.0015372218562038627,0.035600289630142334,0.0,0.04879020553725147,0.0
2022-12-23,-0.012297512396123754,-0.006163320669976977,-0.020943157474107483,-0.01445273848536953,-0.005970261116874051,-0.014252036611694574
2022-12-26,0.006726517503216057,-0.014007966311295538,0.010526368360542653,-0.001120457016973615,0.0,-0.009615567400790238
2022-12-27,0.016620919353854707,-0.0015687070773350228,0.043540837440312466,0.015573195502343155,0.035297871428987174,0.00241269748807333
2022-12-28,0.056524756327574414,0.001665325834405043,0.02685752541816534,-0.014134461962007528,0.020029256188763916,0.007343860803808939
2022-12-29,-0.0195871227921471,-0.051205813100555664,-0.030536687086933082,-0.0023752564202479845,-0.034585551606829676,-0.02219568829198007
2023-01-02,0.001098252166482878,-0.01233486504924414,-0.047628062622226595,-0.03017733415564753,-0.04805733580461779,-0.017610584550092085
2023-01-03,0.015250832762353764,-0.017889545133451135,0.005405460637119845,0.021818971816637195,0.08264288741144743,0.005063393864051468
2023-01-04,0.0,-0.01454581615636707,0.0,0.049132812125244216,0.033429270450163744,0.0
2023-01-05,0.015021734429072025,0.016349218775009965,0.010723901947576173,0.06944932911447683,-0.005494496837674859,0.007547190339465332
2023-01-06,0.0031898373478124638,0.00896862334325149,0.02501779804315683,0.03864708968950666,0.016393850690431398,0.005000000346575171
2023-01-09,0.03648140071266295,0.005342846249566735,0.014202973348607685,-0.003078579893591039,0.026739556498422967,0.01485172851944983
2023-01-10,-0.004102567614839292,0.003546128656098121,-0.016807197048794693,0.015298649045236312,-0.02403325976571214,0.0024539841101585127
2023-01-11,0.01631024057776346,0.0,0.010376308955005006,-0.032924816372834544,0.018742158748863053,0.01701140958222091
2023-01-12,-0.009141796832231501,0.014060014096127445,-0.02217962161741605,0.006256691138387255,-0.04336715937492433,0.002406638303281337
2023-01-13,-0.00511505605695838,0.04270502623690964,0.009192430651312327,0.028690420278552384,0.03270043506223239,-0.004819277080627256
2023-01-16,0.01829318314152148,-0.015164645200438094,0.034685532282083556,0.060743458077177515,0.06988609898358644,0.0024126387773458994
2023-01-17,-0.0010075975351997426,0.03174875544600049,-0.03337923918866684,-0.007633571289964116,0.02469261016884047,0.0
2023-01-18,0.027834865746800337,-0.008257642086140436,0.00909693200133644,-0.021298031076486194,0.038282220222339305,-0.0024126387773458617
2023-01-19,-0.004914052410852495,0.03583437432590567,0.012853573691403969,-0.005888204624175778,-0.01895793024825293,0.0
2023-01-20,-0.01488864560499959,0.011137792012510141,0.006365392026487532,0.013685460634388143,0.02130254109889443,0.019139303321466294
2023-01-25,-0.036663966004750394,-0.003169597645281457,0.0012682580389466263,0.01732480452317545,-0.011778698311049371,0.0
2023-01-26,0.0020725385456783346,0.003169597645281508,0.006317138415826382,0.01327026473168469,-0.023981962859167125,0.009434108862941102
2023-01-27,-0.001035689874155648,0.009448892073921309,0.007528223512084379,0.0,0.007255189462577419,0.0
2023-01-30,-0.011464466485877942,-0.02058668408643154,-0.015113619966857346,-0.036437324639730456,-0.012121359365341944,-0.01656848930843049
2023-01-31,-0.014783788506012585,-0.022654653473526392,0.0012682580389466263,-0.04903436111749415,0.0,0.0
2023-02-01,0.0031864491675156212,0.001635301299929369,0.010088368350139331,0.009188479927956223,-0.0024419451598898883,0.03055470370473689
2023-02-02,-0.008519836179439542,-0.01150380557778339,-0.0012554517739139007,-0.027822582440883863,-0.002448020192282053,0.011507676622480655
2023-02-03,0.009579675676357455,-0.006633502651292804,-0.0075662649785651305,0.015552446617208749,-0.0024540277046629336,0.0
2023-02-06,-0.014941572155201454,0.0,-0.012739021389358514,-0.01555244661720869,0.03144154232967537,-0.02080995687230617
2023-02-07,-0.009724589224987389,-0.008354293138279952,-0.0025674502219011877,0.006250086277781913,0.00947879926030903,0.004661909800620069
2023-02-08,0.002169197186853857,0.0050210018159406134,0.02287273658982487,0.015456290628982459,-0.026285896742533423,0.0023229703096296996
2023-02-09,-0.006521759050432242,0.0,0.003761704398153695,-0.021706376906764524,-0.004854358578180554,0.0
2023-02-10,0.009766801871858799,0.006655577399106672,-0.0050188023360927736,0.020683247825967633,0.014492948214989481,-0.002322970309629754
2023-02-13,-0.019629845515945932,0.04062295869485317,-0.01648738228574476,0.0030659949342980207,-0.007220170681093426,-0.009345843947101012
2023-02-14,-0.012188555591610377,-0.020917882254892075,0.043784406286151545,-0.0448693386660551,0.0,0.0023446623090265994
2023-02-15,-0.012338858954917637,-0.006525355587581804,-0.011077072220031908,-0.05596632343337791,-0.007272777533896111,-0.016529268934595172
2023-02-16,0.003380236932918086,0.013008339903773742,-0.0024783017318629435,0.0022548477199678834,0.014492948214989481,0.0
2023-02-17,0.0,0.006441225805007369,0.007416555018309541,0.039740283171842285,-0.007220170681093426,-0.004773269116229479
2023-02-20,0.012297567151342677,-0.016181632953856887,-0.004938253286446652,-0.007604603551112988,0.007220170681093436,0.007151386737316746
2023-02-21,-0.00668898448321152,0.006504135054955166,-0.0012384166246356672,0.010846086289836876,-0.02181900677959702,0.002372380141540163
2023-02-22,-0.01351371168185529,-0.016340215263002146,-0.02129070219636525,-0.02955879226883517,-0.034916220637983254,-0.019139303321466412
2023-02-23,0.004524892080806014,-0.009933859476023984,0.0088217167524791,0.004434612769065726,0.01361248563968569,-0.002418376152642696
2023-02-24,-0.013636567327964545,0.0,-0.006293284919647124,0.002209907068209027,-0.018701635371501702,-0.004854368972737163
2023-02-27,-0.008041441604148082,0.0033222860767675353,-0.02557690334873219,0.004405401520825226,0.0025478122930385023,0.007272745125379802
2023-02-28,0.003454280184491384,-0.015037881527149908,0.020513561879293186,-0.002200274817054399,0.0472136933316972,-0.009708795142503454
2023-03-02,0.0011487174994208402,0.0016821330560642775,-0.02180969591097881,-0.015538705510857386,0.014458120071321868,0.0024360500171236974
2023-03-03,0.0057241579163276185,-0.0169496802739248,-0.010430282342004922,-0.015783686523100006,-0.004796152622532997,-0.002436050017123686
2023-03-06,-0.004576664451990003,0.005115102472800631,-0.01585235922951474,-0.012578898261270139,-0.021872130408388243,0.014528072223130656
2023-03-07,-0.004597706649471042,-0.0017021051520994261,-0.0026667249694474586,0.008023066026269132,-0.0073982282619727635,-0.0096617943426184
2023-03-08,-0.01743220525309724,-0.01718253510037797,-0.01344113125283898,-0.006872951407570647,-0.009950388850032786,0.0
2023-03-09,-0.0011730681467923378,-0.005212871814166433,0.013441131252839014,-0.016222844083598188,0.007472033808361789,-0.00486627788051231
2023-03-10,-0.018957904537959085,-0.015803670153605447,-0.021593303891739607,-0.01293367047233647,-0.04206345863920501,-0.017220563622045156
2023-03-13,-0.015672354863802196,0.017544291165943922,-0.006844651561780852,0.010594430636276476,-0.004669260365047587,-0.019544577003363383
2023-03-14,-0.03587277104091266,-0.026433266071608744,-0.033522650676085196,-0.03940804957474782,-0.03870084822386655,-0.03501910215479337
2023-03-15,-0.0012601872775446629,0.01769963159398487,0.008486565191007284,0.02287873778246643,-0.007051771565995562,-0.003675459989980762
2023-03-16,-0.010139498058585503,-0.01591545996853757,-0.0070671650623255955,-0.032670772690570754,-0.02480155392982705,0.0
2023-03-17,0.0038143178772331375,0.005333347546109477,0.05920517198316592,0.01586374594618254,0.06899293058383688,0.006292677625963352
2023-03-20,0.021344227490206657,-0.007117519171556681,-0.016172839599518814,0.0,-0.029064170651843226,-0.012625097312872192
2023-03-21,0.007425772553467991,0.00888897490566474,0.022835087408667958,0.017996924077664248,-0.017307099340261638,-0.004244072322764488
2023-03-22,-0.0037060442546558237,0.007054680950506905,-0.0066622478091490165,-0.011961856338884807,-0.007667103386297285,-0.006935239630167991
2023-03-23,-0.013707321305608842,0.0017559757378129153,0.004002758987205381,0.009580844470049305,0.003293117704920408,-0.01401635210398255
2023-03-24,0.0,-0.001755975737812946,0.0171620741590777,-0.03888696992765508,-0.01323793262108673,-0.012015478557341416
2023-03-27,-0.005031454302057473,-0.0035211559446841974,-0.027871764359596887,-0.0062151081893694875,-0.0078037536970650455,-0.02729210992102659
2023-03-28,0.0037759105778390895,0.01748301696194912,0.01866724592900176,0.016079484030324238,0.007248365696969289,0.0755588624783046
2023-03-29,0.006261809177550295,0.0017315788178128145,0.0,-0.00738927431897917,0.020347199640654387,0.0031364101931130096
2023-03-30,0.019778136768998436,0.0,0.007894803501032468,0.011229193636759238,0.006511097825691654,0.0165635552421624
2023-03-31,0.0024449876455177777,0.005176889906130956,0.01431379514599837,0.009876634853681052,-0.0021656229924069425,-0.014478031888858043
2023-04-03,0.0024390242583754345,0.011976171528533726,-0.0025873787723079008,-0.002460054150739009,-0.007617045186354707,-0.009945123802530364
2023-04-04,0.0,0.008467477348970994,-0.006497746922252867,0.014670156584203545,-0.005476442376215409,0.014621683269098231
2023-04-05,-0.007334992168871231,-0.008467477348970848,0.012953615151408034,0.0,-0.004402872641573042,0.005686207022233763
2023-04-06,-0.009864439487143507,-0.015424475799868413,-0.022121966539346196,-0.020846797267111864,-0.024003475590014502,-0.010362766488801675
2023-04-07,-0.008711986945334649,-0.01742202546987401,0.01696069447159265,0.011090610500484679,0.0016935520686657498,-0.005221933546417531
2023-04-10,-0.0025031289341190047,0.0017559757378129153,-0.009096932001336419,-0.008615435648031822,-0.02281903606904615,-0.0020964537553817665
2023-04-11,0.018622553034370055,0.022550808322920234,0.012970346439609337,0.014724159733678032,0.004031120272480206,0.017165578766884043
2023-04-12,0.017073576088327852,0.008539717209009229,0.0051414395268672836,0.01090271709432234,0.000574533794648057,0.007194281962942576
2023-04-13,-0.007281581587229407,0.0033956135937595697,0.02406699076607728,-0.01823759550564967,-0.009232618369056202,0.04112914576709484
2023-04-14,0.016908606191412875,0.01680710076727767,-0.012594620974379115,0.034964285301677826,0.013817157597289166,0.02427308548456569
2023-04-17,-0.009627024604183378,0.006644590717209586,0.0025317008184899967,-0.01672668979602807,-0.017301513621545996,0.02837064038787735
2023-04-18,0.007228943216510717,-0.008312556205143717,0.018785767868308198,0.011976130481569784,0.015011814359549302,0.02531785023632245
2023-04-19,-0.0036079887998124913,-0.0016708907603152972,-0.009975222745797272,0.004750559314458236,-0.005170929911787392,0.0
2023-04-20,-0.004830924878390079,0.003338856248249547,-0.008810545122511022,0.008259729195190477,-0.020367277877121337,-0.018349194613017747
2023-04-21,-0.010955623029430964,0.0,-0.01657152083208936,-0.009445279520918929,-0.028624460359526593,-0.009302280249825538
2023-04-24,-0.011077080916721669,0.001665325834405043,-0.011635523126706434,-0.013134471377973947,-0.020783131455765786,0.01851891739081547
2023-04-25,-0.004962786818530074,-0.011715595450382386,-0.010457622455813777,0.01194761218688727,0.006771300131212865,-0.0045976074963699
2023-04-26,0.009901065960376874,-0.01185454989715946,-0.01456017558734316,-0.0011883679494307281,0.010375430422698817,0.045052573991293435
2023-04-27,-0.017391733856699978,0.0034013180644492905,-0.010723901947576317,-0.009558029033851577,-0.012832436288420832,0.023940247996094267
2023-04-28,0.0,0.005080453132840533,-0.0026990414078313318,0.007177048070173967,0.008573268537601356,-0.026145227326641787
2023-05-02,0.011215115879453667,0.010084192067597586,0.027983118942750754,0.010669856591578248,0.02944040588213325,0.008791159370007342
2023-05-03,-0.009962716910091107,-0.008396380763816937,0.0,-0.02025077972244146,-0.01251138907650885,-0.011001189611817666
2023-05-04,-0.0037618092843364655,-0.023891953148839344,-0.00924097260645603,0.0012026598570840546,0.01487679773781837,-0.013363201437133085
2023-05-08,0.021131963349343932,0.01712368871221817,0.013175416840207978,0.0166870119475846,0.00412616619402144,0.004474271524745972
2023-05-09,0.007352970242722881,0.005080453132840533,0.016872569673282746,-0.00236699024388219,-0.020202695398819723,0.04580961923281119
2023-05-10,-0.013522068562239573,0.0,0.0,-0.032513376922077265,0.014894524268747414,-0.002134554193203954
2023-05-11,-0.006207290375726981,-0.005080453132840436,0.016592603286745073,0.025378998728913634,0.010588314291190481,0.0
2023-05-12,0.02702865741613352,-0.017123688712218088,0.0012650492208297038,-0.019277628259337775,-0.007635800380305286,-0.034786135127220244
2023-05-15,-0.0158830878985599,0.0034483042713346454,-0.026907470944048977,0.0012157189702877308,0.009973675615983193,0.0
2023-05-16,0.0036878215098972095,-0.012121340538110134,-0.001299573014746762,0.007264038192778032,-0.01707436196210396,-0.008888929912387013
2023-05-17,-0.004920056397088116,-0.001743656057477975,-0.003908812617868859,-0.004836824488319918,0.03500938316326531,-0.002234543263790826
2023-05-18,0.013472283641246823,0.0069565278716443866,-0.011818884034788233,0.014440750701038604,-0.005173902506966488,-0.006734108898708066
2023-05-19,0.0012158548148881378,0.005185767234483713,0.018325085843037287,0.005955913559902086,0.004600357275699807,0.0022497152489160113
2023-05-22,-0.0012158548148882167,0.023851317763053725,0.01032268302213068,-0.004761968676348551,0.006861153085569176,-0.022728297896934653
2023-05-23,0.00243013364308729,0.0016821330560642775,0.0025640893026287847,-0.002389515052502403,-0.0005699492926591722,0.006872865968824228
2023-05-24,-0.012210157796439977,0.003355662375374538,-0.012886772324759503,-0.0035949132544312932,-0.013777496826467204,-0.004576658168485347
2023-05-25,-0.009876618498348793,-0.0016764931193362913,-0.014369964278505468,-0.014510600390253115,-0.002894403604781727,-0.018518917390815487
2023-05-26,-0.007472011024935635,-0.013513747057162386,-0.010582048772203608,-0.007334878411327404,-0.007564822922887008,-0.016490423150962226
2023-05-30,-0.008788449826932098,-0.018884640252477432,0.026248147082394688,0.012195211523922255,0.009302401253761678,0.007100607333328771
2023-05-31,0.008788449826932162,-0.010453132652635817,-0.01435114567787957,0.004836824488319931,-0.009886670099014136,-0.023867530513254964
2023-06-01,0.0037430354050072582,0.005240260838469381,0.009156428767947318,-0.010915839967466675,-0.0011695627990942765,0.0167669231799261
2023-06-02,-0.002493765476549831,0.01898240959384325,0.0,0.015729282756805085,0.0011695627990942034,0.018824047777483078
2023-06-05,0.00870105585227682,0.01694968027392482,0.010362727509606783,0.007177048070173967,0.01623231226905267,0.01158768526792469
2023-06-07,-0.006207290375726981,0.010033462394318035,0.002573989304965994,-0.001192619763240307,0.017669227801394894,0.01373016496839774
2023-06-08,0.004968951540327269,0.0016624883372721871,0.016571520832089345,-0.00959231160286442,0.017917629035789258,-0.0137301649683977
2023-06-09,0.006176617977246202,-0.0016624883372721758,-0.0012650492208297506,0.01672668979602818,-0.017352718192730994,0.027274362981802334
2023-06-12,-0.01239172600158934,0.0,-0.017880460916225666,-0.011919032483455034,-0.006230625432023617,0.015573231678943476
2023-06-13,0.0024906600412125356,-0.011715595450382386,-0.01297034643960928,-0.016929056773447314,0.007359266657631251,-0.024582283640140232
2023-06-14,-0.002490660041212545,0.005037795431438604,-0.0013062930934167381,0.0012186823665520663,-0.00906522566359328,-0.04157643673268468
2023-06-15,-0.005000007855110675,-0.010101168881332442,-0.023810654655607284,-0.003660714165575428,-0.013753810405452902,0.0023557089983098655
2023-06-16,-0.010075646787730812,0.03654890858434707,-0.004024163435799657,-0.0012232558661513387,0.023946404899580224,0.011696016619943612
2023-06-19,-0.0025348542864346967,0.03368403043636671,0.014676666568143584,-0.002450908379600499,0.038136667870125915,0.03877349133658328
2023-06-20,-0.007643345321896094,-0.007917722454254823,-0.006644540808607866,-0.006153936436768243,-0.00652881068420437,0.004464194185605346
2023-06-21,-0.0404491217211358,0.009493745717757381,-0.006688986215097514,-0.009925548543512356,-0.02431055531133347,-0.020248120459965494
2023-06-22,-0.005340464001232793,-0.003154599725571746,0.0,0.012391669488385248,-0.006171202573440504,0.004535146052208032
2023-06-23,-0.03265594658240512,-0.015923821020440824,-0.020339604190665737,-0.016139374614830494,-0.02391912914001647,-0.00681045530161343
2023-06-26,-0.01533124530106682,0.003205087764745374,0.010899227821067217,-0.007537811160478386,-0.015098993929872663,0.00907033874331656
2023-06-27,0.0056022523328278,0.0015987660346316898,-0.0013558879675554115,0.005031515320330101,-0.009406309355139473,0.0022547878817409774
2023-06-28,-0.007007790776482826,-0.024253419508158017,-0.0027173773028486507,0.009987507519511534,0.0158221584210017,0.017857582074885914
2023-06-29,-0.029980875821281353,-0.0100167909813611,-0.012320524520574819,-0.021670632662507704,-0.029500662322834055,-0.004514615029937128
2023-06-30,-0.005813907349338959,0.005021005574195523,0.025834166160577387,0.010256498022178314,0.014859113351523862,0.006764391237237121
2023-07-03,0.01734140707408544,0.0016679684269283917,-0.0026881583234043597,0.02519029437535558,-0.009484371528329033,0.006718941515984315
2023-07-04,-0.040941309574181746,-0.013422991841583519,0.07266490669634362,-0.016301284354165755,-0.019242884713985876,-0.0067189415159841955
2023-07-05,0.0029806264996010347,-0.010186788611319943,0.030809640326526593,-0.012722892786762648,-0.007924446641526249,-0.009029454705474433
2023-07-06,-0.005970163699618929,-0.0017079909107696242,-0.010982452422516087,-0.027256697733951306,-0.03044660068565994,-0.03226085192226863
2023-07-07,-0.01508329610691816,-0.01203797023249767,-0.031155157280729255,-0.007926090607505777,0.0,0.020858203979079965
2023-07-10,0.019564257073116518,0.032343261630709774,0.01007559434334069,0.006609502167841986,0.011916128162581386,-0.016185273439801848
2023-07-11,0.014793161105468938,-0.006722699756366029,-0.005025107525174676,0.013089161926283784,0.0,-0.04043354831150156
2023-07-12,0.016023581630764422,0.006722699756365941,-0.002522054985334159,0.0012994788121104721,0.024631808273797334,0.004842554419631777
2023-07-13,0.0,-0.0033556662617083774,0.01379334458089973,-0.009132441776528468,0.0060642750662737175,0.06090879957037051
2023-07-14,0.012921983800519432,0.026535495707943942,-0.006246182070390877,0.029698715584612144,-0.006672778480523669,-0.01373017499250698
2023-07-17,0.00427040866340818,-0.019835317907703105,0.005000049454933523,-0.006381628372862874,-0.017188836358149412,0.031748686918455594
2023-07-18,-0.00855924939215987,-0.013445620015660718,0.0024906470549356827,-0.001281164550928426,-0.018119833268157224,0.002229623067859724
2023-07-19,0.004288840728751607,0.005063308233400848,-0.004987580522959358,-0.006430875488590214,0.0012602094163190838,-0.022523415851328422
2023-07-20,0.00710740478479252,-0.006756767792063237,0.001249313582248579,0.005147962748496043,-0.004417824172381337,-0.0183913290358971
2023-07-21,-0.0028369961213844086,0.016807048001251476,0.027095230721271207,0.005121701066400587,0.00252685136023994,-0.0023229397007419705
2023-07-24,-0.00999288191766558,-0.008368146227169334,-0.043458164270377186,-0.01674226921059881,-0.016539800298090573,-0.014051735659893408
2023-07-25,-0.005755408515951175,0.04115803267215242,-0.02310751208661228,0.001297898145356478,-0.025992389520590548,-0.014252004400561907
2023-07-26,-0.02631729412334253,-0.014622536964208375,-0.02631737105790361,0.02180975025920502,-0.06458241828903613,-0.01688826017583623
2023-07-27,0.042065584556959246,-0.0032787178906995263,0.03536718949437781,0.044672379255002115,0.06128536311678064,-0.017178282203974337
2023-07-28,-0.017192392463927706,0.014670208287914446,0.0329143797004766,-0.03708698414043308,-0.0026455065335427123,0.007398297855993079
2023-07-31,0.011494374010670997,-0.003241453835227131,-0.006246182070390877,-0.010126769711046674,-0.011322125752012335,0.012210180188429834
2023-08-01,0.02259993593411443,0.012903376809926996,0.11471519873892382,0.015151853393800744,0.015947195749112086,0.0072551613931550315
2023-08-02,0.0,-0.009661922974699816,-0.08022901922194141,-0.012610478797322987,0.013748166419186341,0.0
2023-08-03,0.009728992968238856,-0.006493515330498739,0.03450672359487677,-0.0244071272166717,0.004541059279826862,-0.007255161393154977
2023-08-04,0.017820943245103756,0.0177566998970398,-0.008220817779925872,0.0025973769574669037,-0.0006475075253182574,0.009661866586854147
2023-08-07,0.006770447498938467,0.007968201257501466,0.0,0.0,0.013509368609459923,0.04235931241064116
2023-08-08,-0.01907413817638523,0.012618436751264634,-0.004728178068812081,-0.0025973769574668,-0.012861861084141802,-0.042359312410641156
2023-08-09,-0.0013764055563165818,-0.02058663800876621,-0.0011854977543672362,-0.014407701259386525,0.016051706759337307,0.01194758968761329
2023-08-10,0.05623968744985114,-0.011263184566541002,0.07976889701736156,0.0,0.0641403464362105,-0.00954656793413773
2023-08-11,-0.0344404712805348,0.0,-0.025514361299131268,0.007884535913359402,0.014823868667663113,0.007168479990040899
2023-08-14,0.029218530093426565,-0.014670208287914308,0.049325049016122655,0.002614246780141367,0.023845276581746292,-0.014388813910738858
2023-08-16,-0.03326990553070893,-0.028311623431658814,-0.00967238470999371,-0.0118188473810033,-0.00576368096962636,-0.017052734608061622
2023-08-17,-0.031617680711613215,0.0,-0.00216209221636395,0.003955192460268881,-0.017493201333133545,0.007343964771166711
2023-08-18,-0.011236066798904766,-0.010186788611319943,-0.028542017938550893,-0.011912711066294757,0.005865095545298184,-0.014742262627159853
2023-08-21,-0.0070872560663040405,0.008496192010314388,0.002224742396080599,0.013227675557029245,-0.02847164033518912,0.0
2023-08-22,-0.007137844007808913,-0.0050890758483749686,0.0011104578715099432,0.001313130593032923,-0.0018067017525250694,-0.004962815654092071
2023-08-23,-0.0014336325255056815,0.003395616289712606,0.003324053851086042,0.018205987393578576,-0.011518734195048126,0.00743496900943638
2023-08-24,0.005722473254257427,-0.010221566624991182,0.0443556352790298,-0.006464132033259017,0.013325435947573154,-0.007434969009436308
2023-08-25,0.011347633560141733,0.0,-0.012779768599881672,0.005174707250345606,-0.0006018513803608042,0.02457129369851511
2023-08-28,0.01678360209377641,0.020339640625118817,0.0,0.0077120400395186365,0.01730869823308713,0.009661866586854147
2023-08-29,-0.004169509016557968,-0.0016791722260454409,0.013837432661272554,0.008923002969340491,-0.006530230335494166,-0.0024067051936990705
2023-08-30,-0.009797191269576969,-0.006745442215419829,0.013648455759563995,-0.006365379193962578,-0.005374741823194937,0.011976206937215458
2023-08-31,-0.001407401311450761,0.0,0.026750579913995126,0.010165269011384755,-0.026700579179211745,0.028170840330265675
2023-09-01,0.005617989070289179,-0.010204182921084036,-0.057457035543389046,-0.0012650606800535136,0.006742308374976305,0.0649724885279894
2023-09-04,0.038466259166539646,0.026983098097162168,-0.004310443434352379,0.008821692912854735,-0.0018343187280816912,0.006486500720659433
2023-09-05,-0.008119119935552773,-0.0016653267334891602,-0.03628759582725614,-0.0050315076136614924,-0.01045840975551162,-0.04631480951514229
2023-09-06,-0.015058511956614439,0.006644596315729625,-0.015801653566654337,0.007537850669393636,-0.009319755634699061,0.015677851423179047
2023-09-07,-0.004146457081499547,0.053195457743407004,-0.010291719768044869,0.003747673810160382,-0.009407368675509039,-0.017937706654592586
2023-09-08,0.011019389028647086,0.0579430042671526,0.017094428091562818,0.0012460422497971655,0.021197788627792705,0.009009028595080128
2023-09-11,0.005464491412449582,0.04773140435813263,0.0,0.01360566166389101,-0.013039609450133296,0.008928678059512458
2023-09-12,-0.010959007636746072,-0.0014134103516513826,-0.006802708323517904,-0.0012292937982261874,0.009950339454398015,0.0022197245697398306
2023-09-13,0.012320421713098583,0.005641694419122491,-0.024180814976175406,0.01586374741300209,0.003089269995735184,0.051847482817257144
2023-09-14,-0.005457036716900093,-0.018453332138740095,-0.007017595739564887,0.008438829646446284,0.004309043825682555,-0.02558780158341113
2023-09-15,0.002732240760047506,0.009978809674776037,0.013986225225045331,0.043459547873304125,0.021872033624809818,0.03605911533398534
2023-09-18,-0.00410110953194951,0.014084794929027688,-0.015160584994708667,-0.002301473010923344,0.019637705135519847,0.11778303565638346
2023-09-19,0.03763883076065376,-0.019774756449726028,-0.023782390535619806,-0.0034622187001432407,-0.007096487306578297,0.03278978027745845
2023-09-20,-0.010610173344520196,-0.03631483751374503,-0.0012040546268624968,0.017192454650665063,-0.011339985612155736,0.007142925364277395
2023-09-21,-0.005347603396460223,-0.030032222686440548,-0.018237581553928538,0.005665724444721932,-0.029234750743131865,0.053692524883926736
2023-09-22,0.0,0.02409756046534701,-0.01234589887930231,0.003384108570224022,-0.004335672086470077,0.033170516366152446
2023-09-25,-0.001341436100529578,-0.0134833668231581,-0.0037336146031528316,-0.010186970071135015,0.01417585860025077,-0.06399490299676368
2023-09-26,-0.035522842754167436,-0.013857040100485775,-0.022699524902848493,-0.01745236859712715,-0.009222283912385621,-0.022868138253315656
2023-09-27,-0.005578812156950394,0.027524684120542164,0.0038191716226518217,-0.003527342853520296,-0.0037129094647473724,0.008857395722385862
2023-10-04,-0.026932927163029686,-0.040005322223542354,-0.06564033385145197,-0.02504604874883114,-0.01373303071454301,-0.037740279671069445
2023-10-05,0.018505915367003807,-0.040037395568622326,-0.026118283693500124,-0.012150891662069332,0.0131128905092462,0.005479458636658643
2023-10-06,-0.001411374214780524,-0.018137347758246394,0.031530985706771514,0.04540810433818467,0.004333049670044106,0.0054495977170754386
2023-10-10,0.027856938599452586,0.016501994492210337,-0.013587161153498015,0.008144289458787207,-0.08639394509887523,-0.02197887804678626
2023-10-11,-0.0041294475438196756,0.004897992902186821,0.013587161153497911,-0.014002572587836945,0.025923723965887338,0.020165667200925635
2023-10-12,-0.01109580857826108,-0.0032626396361506898,-0.001350394816427539,0.016317421090052683,-0.008566830540219065,0.023319388614918984
2023-10-13,-0.011220308262591428,-0.006557388430433163,-0.009504539843761994,0.0057636469901560464,-0.010645419707281625,-0.030605433942120574
2023-10-16,-0.014204776855337371,0.0016433496523378618,0.00544223264691806,0.004587228756681987,0.029656153738216975,-0.03914761388767933
2023-10-17,0.0014295335053469624,-0.0016433496523379039,0.01347728822851538,-0.012665724249053642,0.0071174901730999005,0.0018993834782490518
2023-10-18,0.009950384186187397,0.029175500132643778,0.007999996807697201,0.019507260668082744,-0.012978779016783303,-0.0018993834782490826
2023-10-19,-0.012811615125090565,-0.024253464968246655,-0.042040105916480074,-0.005698055592532406,-0.015136811311401962,-0.02307791801285918
2023-10-20,-0.012977766127564133,-0.009868483173827453,-0.004163719813301346,-0.008032146487620736,0.02617946356153081,-0.013712296178214192
2023-10-23,0.008670569929266243,-0.013311320120558088,0.0013898087430302144,-0.025672341031241008,0.005797170698605028,-0.003952517136461144
2023-10-24,0.021353170983381988,-0.005037818547638458,0.013793392097026867,-0.001182796506954723,0.012763362887485757,0.025416754750137945
2023-10-25,0.029148417063711327,0.023295586677626812,0.020339604190665734,0.0070755063624292095,-0.015335713748951279,0.04159396859135181
2023-10-26,-0.01655209360692569,-0.03005235673622213,-0.034132996287692514,-0.017783528492749907,0.012796027562859472,-0.03774037871021283
2023-10-27,-0.00837993298954163,-0.0050977419436329585,0.013793392097026867,-0.014458093919375513,0.008230553458374862,0.041437187056385286
2023-10-30,0.009769843490034527,0.0017021592079242555,0.0013688807132852705,-0.0383473037193039,0.00878848240177747,0.012832471983538233
2023-10-31,0.0013878676403072765,-0.02409757662379885,0.006816656767771379,-0.011414209824722568,-0.003757083290341322,0.0
2023-11-01,0.015141424979103915,0.0017406763085574043,0.0027136903400106767,0.010152412923729565,0.003131902875765003,-0.005479458636658607
2023-11-02,-0.0027359782848803355,0.01381712009739276,0.00809723682516043,-0.015267483069773756,0.006855704727856883,0.001829800180671988
2023-11-03,0.008185580009466847,0.011935362953557384,0.010695299942363819,0.03154834684447191,0.012959140937232874,-0.0036630272693283675
2023-11-06,0.029453250751186807,0.02510590872679179,0.03655759720893643,0.048494352895294836,0.004282680782086785,-0.016651612462406488
2023-11-07,0.0,-0.014987797105196416,-0.0025674502219011877,-0.033697524689642454,-0.010432736582466826,-0.00937215261871276
2023-11-08,0.04513986381173175,-0.008424668286139284,-0.012936716814572716,-0.009840118647633813,0.02738230966727825,-0.01901192985972964
2023-11-09,0.0037759105778390895,0.0016906484256889757,0.0,0.0012352983200980578,0.005387611357011164,-0.011583202582961763
2023-11-10,-0.024158875634201174,-0.0016906484256889519,-0.013106342674731713,0.007380112409631792,-0.018072766826897315,-0.00975611092053375
2023-11-13,-0.0012877767565955224,-0.01706522948937776,0.0013183485146000225,0.0,-0.007934119317537512,0.03468551302499778
2023-11-14,0.01025649477779488,0.01027404421028868,0.007874082136712288,0.01218039444678872,0.009149157199598615,-0.01526747789526193
2023-11-15,0.0,0.025232613634357644,0.018135177923796673,0.014423337188761574,-0.002431614305057362,0.028437973721623776
2023-11-16,0.008888994605444879,-0.008340283084491017,0.007672697026857227,0.002383824955452109,0.01330132596897865,-0.007504765488134337
2023-11-17,0.0012633715780554725,-0.006722701887965283,-0.014111867244994518,-0.009569489693276256,-0.00904985828746503,-0.011363744173158627
2023-11-20,0.0,0.015062984972456256,0.0025806318273667193,0.0,0.007246414820297384,0.02259980328643975
2023-11-21,0.011299600607051749,0.0,0.0012878576294806914,0.0071856647378241425,-0.0006018513803608042,0.027549989410228574
2023-11-22,-0.005006265453332102,0.013201554168962555,-0.005161272067753482,-0.0023895211583246853,-0.0012048503721642549,0.04255962935212365
2023-11-23,-0.0012555437242182973,-0.001640719471127315,-0.010403225094753131,0.0118908186372754,-0.0006029400573396709,0.03413298470109978
2023-11-24,-0.005037791429501263,0.0,-0.01183449635872346,-0.013087675639532888,0.0,-0.016920900599575333
2023-11-27,0.018762317623928944,0.02112181939738636,0.006591979614195286,-0.00480190112656459,-0.034983638108263174,-0.01201727398697387
2023-11-28,-0.02763993483085225,-0.011317771583342599,0.02337769466832463,0.0012026145493225914,-0.01573844084756357,-0.006932473618408772
2023-11-29,-0.02189402528824545,-0.008163328342916595,-0.0608653534548373,-0.008449027998556596,-0.012771577015651379,-0.00873369204117165
2023-11-30,-0.003913950803853415,-0.011541772368120418,0.03353774487972835,0.009650198003181575,-0.003863466256240291,-0.010582096038035185
2023-12-01,0.005215133171021711,0.008257703244655332,-0.0026420657074109942,0.004790495937887464,-0.008422457539744877,0.08494072418072052
2023-12-04,0.0,-0.004946448009430404,-0.007968195973147714,-0.0035906705508953712,0.010356088427975824,0.04459335948252462
2023-12-05,-0.0013011823671683679,0.011503836439863508,-0.013422943355407602,-0.002400995391616934,-0.01165820540009924,0.020046946529815337
2023-12-06,0.003898585180569717,-0.006557388430433163,0.010752730030219567,0.0,0.02190808034475044,0.015151765505489457
2023-12-07,-0.010430337262597438,0.006557388430433248,-0.0013377489985482009,-0.01087624789836223,-0.007035484875322245,0.016406092774459157
2023-12-08,0.007832934449195904,0.0016326175877640799,0.0172531852787677,0.007263959646414904,0.016550328725189408,-0.007424007808811104
2023-12-11,0.0025974028134014924,-0.008190006018197228,0.0013149526323114108,0.003612288251947289,-0.012706662490332527,-0.05829866014495199
2023-12-12,-0.002597402813401423,0.00982002806658391,0.0026247293041890725,0.011947549994354968,-0.0019199545962848826,0.0015785094195865442
2023-12-13,0.0025974028134014924,0.0016273693997978398,0.006531699463758388,-0.010746379989729996,-0.0057822726373574435,-0.03368403886286206
2023-12-14,0.0025906737862471056,-0.0032573914481845365,0.012936716814572646,0.004790495937887464,0.018513137194628874,-0.06225723949290533
2023-12-15,0.007731993607926674,-0.0032679708538000955,-0.01685062883799202,0.025944837508284604,-0.010171743383984641,-0.003478282806236624
2023-12-18,-0.002570694284274561,0.0032679708538000864,0.020699267226425445,-0.01406823706244262,-0.01092204271832716,0.005212863498361905
2023-12-19,0.002570694284274512,0.00974038427242065,-0.0025640893026288867,-0.0035482025318904057,0.00900331607842968,0.017182576450665704
2023-12-20,0.015287018342369691,0.03648299595949525,0.01021721304353262,0.018779876474668538,-0.0006403945333894732,0.020236752180172124
2023-12-21,-0.0012650734652000042,-0.0015588125349944955,0.008855196300088323,0.0011620848677898377,-0.013544284951485684,-0.016835437566524877
2023-12-22,-0.0025348542864346967,0.0031152615550000587,0.008777537094333019,-0.0034904075533639454,0.0,0.031748702513152705
2023-12-26,0.027536143681955085,0.0,0.00993791290796867,0.012739066131010808,-0.00913245931334032,0.03077166261086724
2023-12-27,-0.020943173845243135,-0.022691411202070765,-0.006116984471517305,-0.0150727285752699,0.003989366993033515,-0.004858309151076295
2023-12-28,-0.007968169649176845,0.03701146497681923,-0.008298802814695066,0.013921348046716697,0.01121753762009608,-0.04312442663375469
2024-01-02,-0.010723963362975724,-0.011120051044077702,0.01379332213233577,-0.013921348046716842,0.0019665689720408473,-0.024014876203873853
2024-01-03,-0.008119124438504242,-0.011245098415502402,-0.008253141756720414,-0.010569688812944927,-0.008549871221238356,0.027398974188114347
2024-01-04,0.0013577734604602887,0.02551972620809546,0.006882339622941738,-0.023896048898742927,0.021562416575671966,-0.0187558780320944
2024-01-05,-0.042972654696094556,-0.012678458259770951,-0.016597891409037828,0.003621008462591629,0.01284539178295466,-0.006908490343811673
2024-01-08,-0.0028368813351997263,0.0047732787526575905,-0.008403410796379504,-0.006042253950759601,0.01771077286292414,0.0051858370323654155
2024-01-09,0.008486613877318725,0.0031695747612790395,0.0,0.009650198003181575,0.0074953505185676355,0.05533683239574643
2024-01-10,-0.030023699021702495,-0.00634922767865878,-0.005641763906668126,-0.012077417902987157,0.0,-0.003267976764616111
2024-01-11,0.0014503265776464615,0.012658396871923465,0.004234304138788385,0.002427219899805512,-0.0012453301733963897,0.05104776506602415
2024-01-12,0.011527505171067414,0.010946160897497295,-0.012757083000770999,0.004836739746609422,-0.009389740349839032,-0.03965626677992862
2024-01-15,0.007137789048292527,0.05152654867465566,-0.00285714480077978,0.02501621193092619,0.007518832414027319,-0.027893522922483142
2024-01-16,-0.008571481050141057,-0.008902135940593154,-0.008620743043906975,-0.022606538228301578,-0.0012492194004319278,-0.02527514495819494
2024-01-17,-0.029114137848248883,-0.021085118487071324,-0.018937201019750844,-0.0060350579016148105,-0.023396577806395945,-0.0017079423451561474
2024-01-18,0.016117565021068692,0.013605652055778678,0.004402061400637665,-0.004854349317334326,0.019639528928683845,-0.06351340572232586
2024-01-19,0.0,-0.0015026298845350185,0.0014630580517603152,0.002430071428395795,0.02294674327085346,0.012669852741051686
2024-01-22,0.0426807311148806,-0.01362625171176511,0.02026118513982193,0.001212922341319465,-0.0036855078571760057,-0.031052723341585254
2024-01-23,0.009702085806450668,0.007593050907597196,-0.00286944242795282,0.03922064564411498,-0.002464573028161811,0.0055504305306490415
2024-01-24,-0.004146515961848577,0.0165045006714632,0.015681005562153075,0.01618536721639269,0.024376587877618695,-0.011131840368844181
2024-01-25,0.01512056299382523,0.00297177038915748,0.0014134277971469427,0.0034344648736855596,0.0036057731374991276,-0.022642476749759777
2024-01-26,-0.0027322421368729507,-0.004460973940625228,0.015417264027327033,0.024831963093879986,0.03304135377713555,-0.013448809812613084
2024-01-29,0.08267000149735718,0.01479316917783051,-0.002785517121426312,0.03397586579853518,-0.009329513733489052,-0.011673284304724734
2024-01-30,0.00627748451913903,0.00293255342127772,0.01659789140903783,-0.0021574417820883923,-0.0023460421317523152,0.005853675251460728
2024-01-31,0.028379449289905233,0.0443881027687944,0.03504401724036654,0.03188361515560644,0.006438418495036855,-0.017664836179805334
2024-02-01,0.045191994191373555,0.00836824967051658,0.005284028146605206,0.0842181379897652,-0.002921416042134187,0.04264211926600254
2024-02-02,0.0023228814161397287,-0.02247285585205863,0.019570096194097296,0.07232063639452133,0.005252419428609713,-0.007619084476439405
2024-02-05,0.010386706188809623,0.044451762570833796,0.005154650588664422,-0.012601459988856933,0.012724289664374073,-0.01153858955649378
2024-02-06,0.0034383988030327085,-0.03596514869351512,0.0025673955052457334,-0.01643873842105216,-0.010979595997035296,-0.013632148790057644
2024-02-07,0.041462521604422785,0.008415196925284498,0.003838776307165667,0.023659015752216215,-0.005827522319345994,-0.05232581900173979
2024-02-08,-0.011037639651620438,0.0,-0.0012779554454920687,0.017825748930121694,0.0,0.008230499136515444
2024-02-13,-0.07967281678712931,-0.007007737157404689,-0.012870190520534907,-0.019625954853030456,-0.01947538686504203,0.022290689898371432
2024-02-14,-0.009661910911736859,-0.018453327040868366,-0.007802380284184899,-0.038572227961821574,0.05563427584237327,0.0354367787569105
2024-02-15,-0.02581581596271007,-0.04393092922572677,0.025774622688615155,0.0,-0.02453760769331556,-0.007767029337659547
2024-02-16,0.03186544118853321,0.062384256266595134,-0.007662872745569137,0.04216940488892191,-0.00812069427873369,0.058673401685173036
2024-02-19,0.02501619434906724,0.015352709089585312,0.010204170174241668,0.05586088928657186,0.016748875502072023,0.25447031434904455
2024-02-20,-0.027431654460670862,-0.006949298293205917,-0.027011288490622936,-0.04692429718137228,-0.007473446683941408,-0.011173220528826083
2024-02-21,-0.019536640908278353,-0.031163995034828196,0.005201572196073408,-0.0035650446924978224,-0.009275428818130519,-0.005633890238648497
2024-02-22,-0.012407107047053756,-0.00867057455113353,-0.003898640415657309,0.017699541815005757,-0.0005825808495679805,-0.032538675818301
2024-02-23,-0.0012492194004319278,0.005788728176244745,-0.0052219439811517126,0.03278980005886421,-0.009956158375975592,0.013526756315280879
2024-02-26,-0.05129329438755058,0.001441961316901184,-0.0039344313048346735,-0.06126144611646895,-0.004128581505763468,-0.08196399146759217
2024-02-27,0.007863736460214451,-0.01744230266334237,-0.021249139482126273,0.01659024226019679,-0.011292839179344604,0.02874943407890632
2024-02-28,0.01168085961275559,0.03741443585025763,0.004018759594917655,0.016319491828601186,-0.003592818236029916,0.0
2024-02-29,0.001289490829871692,-0.001413427797146964,0.0013360055427421298,0.017825783952600666,0.007768189646510544,0.0
2024-03-04,-0.007762005335489189,-0.017118820331780655,0.01982880564930103,0.06166336710563811,-0.008968669982760375,0.0
2024-03-05,-0.0026007817000573675,-0.00722024797348702,-0.006566011770890558,-0.00834033191621895,-0.0024052928012493415,0.0
2024-03-06,-0.01178795575204224,-0.008733679968754553,-0.014598799421152636,-0.008410478508596404,-0.020067563050809256,0.0
2024-03-07,-0.007936549595736303,0.02026118513982193,-0.005361943141385399,0.010084119066626008,-0.041385216162854364,0.0
2024-03-08,0.005298025637555194,-0.011527505171067383,-0.005390848634876423,-0.0016736405580296484,0.01398624197473987,0.0
2024-03-11,-0.0013218772579158245,-0.008733679968754553,-0.0013522652500136498,-0.0033557078469723042,0.007547205635382904,0.0
2024-03-12,-0.02139118998131756,-0.017699577099400975,0.008086297431357841,0.0,0.005000010416705839,0.0
2024-03-13,-0.019100171373419378,-0.019534806020642368,0.015979035057889193,0.02161347642053717,-0.00939562188974377,0.0
2024-03-14,-0.0013783599701212709,0.05030646468739596,-0.005298025637555161,0.06062462181643484,0.005647959789504072,0.0
2024-03-15,0.015058463874201535,0.017167803622365498,-0.02283510907101732,-0.03946842184912309,-0.017677227983866235,0.0
2024-03-18,-0.009556386720218104,0.0028328630843041072,-0.013680103904080154,-0.0016116038943415328,-0.0006371456093211491,0.0
2024-03-19,0.0054719698779933925,-0.025789394882914176,-0.0013783599701212709,-0.009724549891994744,-0.010894051989868547,0.0
2024-03-20,0.0,0.020115620797006295,0.013698844358161927,0.00972454989199478,-0.018205964496572524,0.0
2024-03-21,0.00950448431156398,-0.002849004776074826,-0.0013614705983210744,0.030184976338397666,0.02398818426884051,0.0
2024-03-22,0.0026990569691649835,-0.017266616020931533,0.0,0.0015637219761827589,0.0190361078223547,0.0
2024-03-25,-0.01767551115872233,-0.011678964864146149,0.004078863574821028,-0.02211780525361899,0.007514124271766117,0.0
2024-03-26,0.012270092591814401,0.008771986072837041,-0.010914160180678405,-0.01935544295295609,0.0,0.0
2024-03-27,-0.004073325387635786,0.0072516633953202065,0.00819676720417849,-0.041568744495555775,-0.016986882191728527,0.0
2024-03-28,0.0013596195160396518,-0.00434468460401098,0.004073325387635869,0.0,0.005694415893556474,0.0
2024-03-29,-0.01920497983605004,0.04262008670738819,0.009440393779087126,-0.020583917143487115,-0.012698583337127431,-0.9672177482526048
