,Date,SK㈜,롯데쇼핑,HD현대,서부티앤디,하나금융지주,모두투어,SK디앤디
0,2022-04-01,228959.671875,89556.078125,47273.4296875,9053.5283203125,41625.76953125,23705.177734375,28180.001953125
1,2022-04-04,234648.109375,90842.015625,47886.23046875,9097.4765625,41711.7734375,24246.166015625,28460.865234375
2,2022-04-05,234648.109375,90658.3125,48323.94921875,9361.171875,40507.72265625,24590.43359375,28460.865234375
3,2022-04-06,235596.1875,89739.7890625,48061.3203125,9141.42578125,40808.73046875,25328.146484375,27899.140625
4,2022-04-07,233226.0,87810.890625,47711.1484375,9141.42578125,40163.7109375,24787.15625,27665.0859375
5,2022-04-08,235122.15625,86800.515625,47973.7734375,9185.375,39862.69140625,24836.337890625,27711.896484375
6,2022-04-11,235596.1875,87810.890625,48586.58203125,9053.5283203125,40421.71875,24196.986328125,27711.896484375
7,2022-04-12,231329.859375,85973.8359375,48499.03515625,9097.4765625,40335.7109375,23606.814453125,27150.16796875
8,2022-04-13,235596.1875,86800.515625,50162.35546875,9097.4765625,40593.7265625,23951.08203125,27337.4140625
9,2022-04-14,236544.265625,86341.25,50687.6171875,9053.5283203125,40507.72265625,23508.453125,27477.84375
10,2022-04-15,237492.328125,86433.1015625,51387.96484375,9141.42578125,40335.7109375,23754.357421875,27805.51953125
11,2022-04-18,236544.265625,88270.15625,51037.79296875,9141.42578125,40163.7109375,23311.73046875,27477.84375
12,2022-04-19,237966.375,87719.0390625,51738.13671875,9185.375,40937.73828125,23311.73046875,27618.275390625
13,2022-04-20,243654.8125,89280.53125,51738.13671875,9097.4765625,41066.7421875,23360.91015625,27477.84375
14,2022-04-21,251239.390625,90290.90625,51475.5078125,9185.375,41324.75390625,23213.369140625,27384.224609375
15,2022-04-22,251239.390625,89831.640625,51387.96484375,9053.5283203125,41926.78515625,22869.1015625,27384.224609375
16,2022-04-25,245550.96875,85514.578125,51125.33984375,9009.5791015625,40808.73046875,22328.11328125,27056.546875
17,2022-04-26,248395.171875,86524.953125,51300.421875,9844.6123046875,40636.7265625,22131.388671875,27103.359375
18,2022-04-27,247921.125,84136.796875,50950.25,9624.8671875,39776.69140625,21737.943359375,26728.873046875
19,2022-04-28,255031.671875,85973.8359375,51650.59765625,9536.9677734375,40937.73828125,21885.484375,26822.49609375
20,2022-04-29,254083.625,86800.515625,51037.79296875,9449.0712890625,40421.71875,22377.29296875,26775.68359375
21,2022-05-02,255031.671875,86800.515625,50862.70703125,9493.0185546875,40077.703125,22377.29296875,26728.873046875
22,2022-05-03,247447.09375,86616.8046875,51037.79296875,9273.2724609375,39776.69140625,21885.484375,26682.0625
23,2022-05-04,246973.078125,85881.984375,51212.87890625,9185.375,40679.7265625,21098.591796875,26541.630859375
24,2022-05-06,245076.921875,85973.8359375,51387.96484375,9053.5283203125,40507.72265625,21000.228515625,26448.01171875
25,2022-05-10,233700.046875,85422.7265625,51738.13671875,8833.7822265625,39518.6796875,20410.05859375,25886.28125
26,2022-05-11,231329.859375,88913.1171875,50775.1640625,8877.7314453125,38271.62109375,20557.6015625,27056.546875
27,2022-05-12,229907.75,89647.9375,50512.53125,8596.4560546875,38400.62890625,19426.44140625,26822.49609375
28,2022-05-13,232277.921875,93230.1796875,51650.59765625,8657.9853515625,39475.67578125,20016.611328125,27758.70703125
29,2022-05-16,232751.96875,93689.4375,52350.9453125,8403.080078125,39948.6953125,20360.87890625,27665.0859375
30,2022-05-17,237018.28125,92770.9140625,53313.921875,8359.1298828125,39776.69140625,20065.79296875,27196.98046875
31,2022-05-18,235122.15625,92770.9140625,53751.63671875,8156.9638671875,39733.6875,19672.345703125,27009.736328125
32,2022-05-19,234174.078125,89096.8203125,52876.20703125,7963.58837890625,38959.65625,19426.44140625,26775.68359375
33,2022-05-20,235596.1875,88453.8515625,52526.03125,8209.7041015625,40378.71484375,19672.345703125,27196.98046875
34,2022-05-23,233226.0,89647.9375,51300.421875,8165.75439453125,40765.734375,19721.52734375,27665.0859375
35,2022-05-24,220901.046875,89096.8203125,50687.6171875,7972.3779296875,40980.74609375,19524.802734375,27571.462890625
36,2022-05-25,224219.3125,89464.2265625,50950.25,8007.53759765625,41152.74609375,19524.802734375,27805.51953125
37,2022-05-26,223745.28125,88637.5625,51212.87890625,8042.69677734375,41453.76171875,19524.802734375,27618.275390625
38,2022-05-27,225641.421875,90107.1953125,51913.2265625,8174.54443359375,42184.796875,20459.240234375,27805.51953125
39,2022-05-30,230381.78125,91852.3984375,52438.4921875,8262.4423828125,42571.80859375,20803.505859375,27945.94921875
40,2022-05-31,235122.15625,93230.1796875,54714.6171875,8341.55078125,42571.80859375,20803.505859375,28928.97265625
41,2022-06-02,236544.265625,90474.6015625,54714.6171875,8323.9716796875,40937.73828125,20508.419921875,28460.865234375
42,2022-06-03,237018.28125,97822.796875,55064.7890625,8271.2333984375,40937.73828125,21098.591796875,28835.353515625
43,2022-06-07,233700.046875,96445.015625,55765.13671875,8042.69677734375,40206.70703125,20705.14453125,28367.248046875
44,2022-06-08,233700.046875,99200.5859375,56990.7421875,8200.9130859375,40206.70703125,20705.14453125,28273.625
45,2022-06-09,236070.21875,97363.5390625,56728.11328125,8139.38525390625,40034.703125,20459.240234375,27290.599609375
46,2022-06-10,233700.046875,95526.4921875,57078.2890625,8086.646484375,39561.6796875,20114.974609375,26682.0625
47,2022-06-13,226115.453125,92770.9140625,54977.24609375,7647.154296875,38443.63671875,19229.71875,25418.17578125
48,2022-06-14,224693.34375,93230.1796875,54802.15625,7620.78515625,38830.65234375,19180.537109375,24950.0703125
49,2022-06-15,215686.640625,92311.65625,53138.8359375,7532.88623046875,38099.62109375,18688.728515625,24294.720703125
50,2022-06-16,216634.71875,92770.9140625,53226.37890625,7506.51708984375,37798.60546875,18639.548828125,23873.42578125
51,2022-06-17,219478.953125,89923.5,52350.9453125,7304.3505859375,36637.5546875,18147.740234375,24013.857421875
52,2022-06-20,212842.4375,90107.1953125,51825.68359375,7040.65625,36078.53125,17016.580078125,23077.642578125
53,2022-06-21,215212.609375,94607.96875,53576.546875,7119.7646484375,36293.54296875,17213.302734375,23358.509765625
54,2022-06-22,206205.921875,91117.5703125,51913.2265625,6759.38134765625,34401.4609375,15688.6962890625,22796.779296875
55,2022-06-23,204783.8125,90842.015625,50950.25,6548.42529296875,34444.46484375,14950.9833984375,22375.486328125
56,2022-06-24,210472.25,92770.9140625,51650.59765625,6794.5400390625,34659.47265625,15098.525390625,23592.55859375
57,2022-06-27,210472.25,95067.2265625,53664.09375,6979.126953125,34229.453125,16180.5048828125,24013.857421875
58,2022-06-28,213316.46875,94607.96875,54014.26953125,6847.27978515625,35046.48828125,16032.9619140625,23967.046875
59,2022-06-29,208067.078125,93689.4375,52681.67578125,6697.85205078125,35002.625,15934.6005859375,24299.921875
60,2022-06-30,205203.765625,95526.4921875,52770.51953125,6478.10693359375,34520.13671875,15737.876953125,24537.69140625
61,2022-07-01,201863.21875,92311.65625,51526.76953125,6346.2587890625,34914.90234375,15295.2490234375,24537.69140625
62,2022-07-04,199954.359375,95067.2265625,49305.78515625,6240.78125,33642.87890625,15098.525390625,23539.0625
63,2022-07-05,206635.421875,93689.4375,48683.9140625,6548.42529296875,34169.23046875,15344.4296875,23824.3828125
64,2022-07-06,196136.609375,91209.4296875,45929.89453125,6328.67919921875,32941.0703125,15147.7060546875,23634.171875
65,2022-07-07,198522.703125,90474.6015625,46640.609375,6486.896484375,32283.125,15491.97265625,23729.279296875
66,2022-07-08,198999.921875,90933.875,46995.96875,6425.3671875,32634.029296875,15393.6103515625,23586.615234375
67,2022-07-11,198522.703125,86616.8046875,46462.9296875,6302.310546875,32063.810546875,15098.525390625,23396.40234375
68,2022-07-12,197091.046875,82759.0078125,45663.37890625,6100.14404296875,31625.1796875,14213.2705078125,23396.40234375
69,2022-07-13,198999.921875,83126.421875,45929.89453125,6284.72998046875,31274.27734375,14803.4404296875,22255.11328125
70,2022-07-14,197091.046875,82759.0078125,45752.21484375,6275.9404296875,30528.60546875,14950.9833984375,21684.470703125
71,2022-07-15,200908.78125,81564.9296875,45396.859375,6117.7236328125,29695.212890625,14655.8974609375,21304.041015625
72,2022-07-18,202817.671875,82575.3046875,46729.453125,6425.3671875,31230.416015625,14803.4404296875,22064.900390625
73,2022-07-19,206158.1875,82207.890625,46729.453125,6583.58447265625,31274.27734375,14803.4404296875,22350.220703125
74,2022-07-20,205680.984375,85606.4296875,46995.96875,6478.10693359375,32107.673828125,14852.62109375,22255.11328125
75,2022-07-21,206158.1875,86892.359375,47084.80859375,6645.11328125,32809.484375,15000.1640625,22587.990234375
76,2022-07-22,204249.328125,86065.6953125,47262.484375,6434.1572265625,31712.90625,14803.4404296875,22587.990234375
77,2022-07-25,207589.859375,86524.953125,47351.32421875,6566.0048828125,31800.6328125,14754.259765625,22730.65234375
78,2022-07-26,207589.859375,87167.921875,48506.234375,6908.80859375,31493.59375,14754.259765625,23206.189453125
79,2022-07-27,209498.734375,86892.359375,49039.265625,6987.9169921875,31669.041015625,14557.5361328125,23586.615234375
80,2022-07-28,208544.28125,85514.578125,49216.9453125,7031.8662109375,32283.125,14459.1748046875,24442.58203125
81,2022-07-29,209975.9375,87627.1875,50549.53515625,7014.2861328125,32634.029296875,14852.62109375,24490.134765625
82,2022-08-01,208067.078125,86249.3984375,51082.5703125,7102.1845703125,32370.8515625,15147.7060546875,24918.119140625
83,2022-08-02,204726.546875,84412.3515625,50816.0546875,7198.873046875,32370.8515625,14754.259765625,24680.3515625
84,2022-08-03,206158.1875,86341.25,50816.0546875,7190.0830078125,32326.98828125,15000.1640625,24490.134765625
85,2022-08-04,205680.984375,87719.0390625,50283.01953125,7260.40185546875,32634.029296875,15541.1533203125,24918.119140625
86,2022-08-05,208067.078125,89096.8203125,50194.17578125,7383.458984375,33379.69921875,15541.1533203125,25583.87109375
87,2022-08-08,209498.734375,93230.1796875,50460.69921875,7365.87939453125,34256.95703125,15541.1533203125,25916.74609375
88,2022-08-09,210930.359375,93230.1796875,50816.0546875,7383.458984375,34607.859375,15639.515625,26772.712890625
89,2022-08-10,212839.25,93230.1796875,51882.125,7427.40869140625,34476.2734375,15393.6103515625,26725.158203125
90,2022-08-11,218088.640625,94607.96875,52059.8046875,7436.19873046875,35221.94140625,15934.6005859375,26725.158203125
91,2022-08-12,219520.296875,93689.4375,53037.0390625,7497.7275390625,34739.44921875,15885.419921875,27248.25
92,2022-08-16,219043.078125,92770.9140625,52503.99609375,7260.40185546875,34344.68359375,15934.6005859375,26962.92578125
93,2022-08-17,225724.125,92770.9140625,52415.16015625,7119.7646484375,34432.41015625,15590.333984375,25964.30078125
94,2022-08-18,225246.921875,93230.1796875,52770.51953125,7067.025390625,33774.46484375,15737.876953125,25964.30078125
95,2022-08-19,220951.953125,91852.3984375,52592.83984375,7040.65625,33774.46484375,15590.333984375,26487.390625
96,2022-08-22,219043.078125,93230.1796875,53214.71484375,6900.0185546875,33160.3828125,15393.6103515625,26059.40625
97,2022-08-23,215225.34375,91393.1328125,53658.91015625,6856.0693359375,33116.51953125,15344.4296875,26059.40625
98,2022-08-24,221906.390625,91484.984375,55258.015625,7084.60498046875,34081.50390625,16672.3125,25964.30078125
99,2022-08-25,223815.265625,92311.65625,54991.5,7190.0830078125,34388.546875,16672.3125,25774.0859375
100,2022-08-26,222860.8125,92311.65625,55524.53515625,7023.076171875,34256.95703125,16573.951171875,25774.0859375
101,2022-08-29,216656.984375,89647.9375,54991.5,6812.12060546875,33379.69921875,17114.94140625,25536.31640625
102,2022-08-30,217134.21875,91209.4296875,55879.89453125,7084.60498046875,34037.640625,17852.654296875,25869.193359375
103,2022-08-31,222383.625,90750.1640625,56146.4140625,7040.65625,34432.41015625,17557.568359375,25488.76171875
104,2022-09-01,213316.46875,88270.15625,54724.98046875,6785.75048828125,32897.20703125,17360.845703125,24537.69140625
105,2022-09-02,214270.90625,88913.1171875,54813.8203125,6768.17138671875,33072.65625,17508.388671875,24252.369140625
106,2022-09-05,214748.125,89096.8203125,54724.98046875,6750.591796875,33379.69921875,17213.302734375,24347.474609375
107,2022-09-06,210930.359375,89372.3828125,55346.859375,6750.591796875,33291.97265625,17705.111328125,24490.134765625
108,2022-09-07,209021.5,87719.0390625,53925.4296875,6486.896484375,32283.125,17213.302734375,24062.15234375
109,2022-09-08,209498.734375,89739.7890625,53303.5546875,6601.1640625,32458.578125,17262.484375,24204.814453125
110,2022-09-13,219520.296875,90015.34375,54103.109375,6829.7001953125,34432.41015625,18049.376953125,24727.90234375
111,2022-09-14,214270.90625,86157.546875,52237.48046875,6592.375,33730.6015625,17557.568359375,24062.15234375
112,2022-09-15,217611.421875,86800.515625,52859.359375,6504.4755859375,33993.78125,17803.47265625,24157.259765625
113,2022-09-16,214270.90625,85790.1328125,51970.9609375,6328.67919921875,34125.36328125,18639.548828125,23871.939453125
114,2022-09-19,211407.59375,84779.7578125,51793.28515625,6319.8896484375,33862.19140625,18836.271484375,23396.40234375
115,2022-09-20,215225.34375,86708.6640625,52148.640625,6442.947265625,34256.95703125,18983.814453125,23776.83203125
116,2022-09-21,213316.46875,86708.6640625,52415.16015625,6706.64208984375,33642.87890625,18983.814453125,24252.369140625
117,2022-09-22,211884.8125,86157.546875,53303.5546875,6645.11328125,33467.42578125,18541.185546875,23871.939453125
118,2022-09-23,204726.546875,83034.5625,52592.83984375,6434.1572265625,34344.68359375,17901.8359375,23919.4921875
119,2022-09-26,194704.96875,79268.6171875,49838.82421875,6126.513671875,32897.20703125,17508.388671875,22825.7578125
120,2022-09-27,191841.65625,82575.3046875,49661.140625,6240.78125,31976.083984375,18590.3671875,22397.775390625
121,2022-09-28,185160.59375,80646.3984375,48150.87890625,6144.0927734375,32019.947265625,17951.015625,21208.93359375
122,2022-09-29,186592.25,80187.140625,48861.58984375,6038.61474609375,32019.947265625,17213.302734375,20923.611328125
123,2022-09-30,183251.734375,79452.3203125,48062.0390625,6021.03564453125,31098.82421875,17262.484375,21256.48828125
124,2022-10-04,192318.875,83677.53125,50549.53515625,6223.20166015625,32677.888671875,17852.654296875,21636.916015625
125,2022-10-05,190887.234375,80554.546875,50904.890625,6126.513671875,33555.15234375,17754.29296875,21636.916015625
126,2022-10-06,193273.3125,81564.9296875,51437.92578125,6205.62158203125,32765.615234375,18049.376953125,21636.916015625
127,2022-10-07,196613.828125,82116.0390625,52503.99609375,6636.32373046875,33204.24609375,17410.025390625,21636.916015625
128,2022-10-11,190410.0,81197.515625,51171.41015625,6152.8828125,32326.98828125,16180.5048828125,21018.71875
129,2022-10-12,192796.09375,81840.484375,51526.76953125,6214.41162109375,32765.615234375,16524.771484375,21113.826171875
130,2022-10-13,190410.0,80278.9921875,50993.734375,5977.0859375,32897.20703125,15491.97265625,20400.521484375
131,2022-10-14,196613.828125,81656.7734375,51970.9609375,6161.6728515625,33730.6015625,15934.6005859375,20638.291015625
132,2022-10-17,189455.5625,81473.078125,51349.08984375,6064.984375,33599.01171875,15737.876953125,20638.291015625
133,2022-10-18,195659.40625,83126.421875,51704.4453125,6126.513671875,34563.99609375,16180.5048828125,21066.2734375
134,2022-10-19,195182.171875,82667.1484375,52237.48046875,5977.0859375,34651.7265625,15639.515625,20780.951171875
135,2022-10-20,198045.484375,84320.4921875,51882.125,5836.44873046875,34344.68359375,15246.068359375,20590.734375
136,2022-10-21,192796.09375,83034.5625,51082.5703125,5783.7099609375,34037.640625,14950.9833984375,20495.630859375
137,2022-10-24,192796.09375,82575.3046875,50816.0546875,5941.9267578125,33160.3828125,15147.7060546875,20305.4140625
138,2022-10-25,197091.046875,81289.3671875,50194.17578125,5854.0283203125,33467.42578125,14803.4404296875,20305.4140625
139,2022-10-26,196136.609375,81197.515625,49927.66015625,5748.55078125,34388.546875,14557.5361328125,19972.5390625
140,2022-10-27,200908.78125,82391.59375,52326.3203125,5977.0859375,36055.33984375,15000.1640625,20210.306640625
141,2022-10-28,200908.78125,83953.0859375,53570.07421875,5924.34716796875,36274.65625,14705.0791015625,19877.431640625
142,2022-10-31,204249.328125,80278.9921875,54103.109375,5906.767578125,36186.92578125,14803.4404296875,19592.109375
143,2022-11-01,208067.078125,81013.8125,54280.78515625,6012.24560546875,36230.79296875,15000.1640625,19924.982421875
144,2022-11-02,208544.28125,82299.7421875,54547.30078125,5959.50634765625,36143.0625,14852.62109375,20162.75390625
145,2022-11-03,209498.734375,81748.625,54547.30078125,5845.23876953125,35836.0234375,14459.1748046875,19829.87890625
146,2022-11-04,208067.078125,82483.453125,55346.859375,5871.6083984375,35748.296875,14950.9833984375,19544.5546875
147,2022-11-07,211884.8125,81656.7734375,56679.44921875,5906.767578125,35792.16015625,15098.525390625,19734.771484375
148,2022-11-08,213793.671875,81840.484375,56945.96484375,6047.40478515625,35748.296875,15442.7919921875,20685.841796875
149,2022-11-09,213316.46875,82116.0390625,56057.5703125,5977.0859375,36143.0625,15098.525390625,21113.826171875
150,2022-11-10,209975.9375,80462.6953125,54636.14453125,5968.29638671875,35572.84765625,14852.62109375,21446.701171875
151,2022-11-11,216656.984375,82759.0078125,54902.66015625,6302.310546875,36318.51171875,15983.78125,21589.361328125
152,2022-11-14,211884.8125,83218.265625,55435.6953125,6196.83203125,36186.92578125,15885.419921875,21018.71875
153,2022-11-15,209021.5,82942.7109375,54724.98046875,6451.7373046875,35923.74609375,16278.8662109375,21208.93359375
154,2022-11-16,209975.9375,83585.6796875,55258.015625,6363.83837890625,36625.5546875,16278.8662109375,21256.48828125
155,2022-11-17,206635.421875,81105.6640625,55080.33984375,6258.36083984375,35967.61328125,15737.876953125,21304.041015625
156,2022-11-18,201386.015625,80278.9921875,55879.89453125,6214.41162109375,36318.51171875,15295.2490234375,21256.48828125
157,2022-11-21,198999.921875,79727.875,57034.8046875,6170.46240234375,36801.0078125,14950.9833984375,21256.48828125
158,2022-11-22,196613.828125,78350.09375,56501.76953125,6152.8828125,37108.05078125,14803.4404296875,20448.07421875
159,2022-11-23,195659.40625,79084.90625,57567.83984375,6293.5205078125,37064.1875,15246.068359375,20495.630859375
160,2022-11-24,198522.703125,78258.2421875,56945.96484375,6416.57763671875,38029.16796875,15885.419921875,20590.734375
161,2022-11-25,200431.578125,78625.6484375,57479.0,6504.4755859375,37985.30859375,15639.515625,20590.734375
162,2022-11-28,200908.78125,76329.34375,57301.3203125,6355.048828125,36713.28515625,15147.7060546875,22064.900390625
163,2022-11-29,205680.984375,77247.8671875,57567.83984375,6548.42529296875,38380.07421875,15787.0576171875,22064.900390625
164,2022-11-30,209021.5,77615.2734375,57301.3203125,6539.63525390625,39081.87890625,15737.876953125,21827.130859375
165,2022-12-01,207589.859375,77523.4140625,57745.51953125,6653.9033203125,40353.91015625,16426.408203125,21827.130859375
166,2022-12-02,201386.015625,77064.15625,56501.76953125,6706.64208984375,39959.140625,16426.408203125,21874.68359375
167,2022-12-05,201386.015625,78166.3828125,57034.8046875,6908.80859375,40003.00390625,16819.85546875,21351.59375
168,2022-12-06,199954.359375,78809.3515625,57479.0,6785.75048828125,39783.6875,16819.85546875,20828.50390625
169,2022-12-07,194704.96875,83126.421875,56768.28515625,6768.17138671875,38687.11328125,16918.216796875,20448.07421875
170,2022-12-08,194704.96875,81013.8125,56235.25,6689.06298828125,39301.19921875,16573.951171875,20115.19921875
171,2022-12-09,194227.734375,82759.0078125,56679.44921875,6838.48974609375,40748.671875,16918.216796875,20495.630859375
172,2022-12-12,192318.875,84228.640625,57656.6796875,6768.17138671875,41406.61328125,16721.494140625,20495.630859375
173,2022-12-13,193273.3125,83861.234375,57301.3203125,6776.9609375,40660.9453125,16377.228515625,20448.07421875
174,2022-12-14,196136.609375,82667.1484375,58100.87109375,6935.177734375,40485.4921875,16426.408203125,20638.291015625
175,2022-12-15,193750.53125,80646.3984375,57834.35546875,6680.27294921875,39081.87890625,15983.78125,20400.521484375
176,2022-12-16,194227.734375,81289.3671875,57656.6796875,6557.21533203125,39257.33203125,15737.876953125,20495.630859375
177,2022-12-19,193750.53125,80738.25,57745.51953125,6618.74365234375,39081.87890625,16082.142578125,20020.091796875
178,2022-12-20,191364.421875,80370.84375,57034.8046875,6513.265625,39125.7421875,15442.7919921875,19687.21484375
179,2022-12-21,190410.0,80187.140625,57745.51953125,6548.42529296875,39739.82421875,15737.876953125,20162.75390625
180,2022-12-22,191841.65625,82667.1484375,57834.35546875,6785.75048828125,39739.82421875,16524.771484375,20162.75390625
181,2022-12-23,189455.5625,81656.7734375,57479.0,6645.11328125,39169.60546875,16426.408203125,19877.431640625
182,2022-12-26,191364.421875,82207.890625,56679.44921875,6715.431640625,39125.7421875,16426.408203125,19687.21484375
183,2022-12-27,193273.3125,83585.6796875,56590.60546875,7014.2861328125,39739.82421875,17016.580078125,19734.771484375
184,2022-12-28,190845.25,88446.421875,56684.92578125,7205.22509765625,39182.07421875,17360.845703125,19880.234375
185,2022-12-29,183561.09375,86730.8671875,53855.390625,6988.52685546875,39089.1171875,16770.67578125,19443.83984375
186,2023-01-02,179676.203125,86826.171875,53195.171875,6663.47900390625,37927.1328125,15983.78125,19104.419921875
187,2023-01-03,178704.96875,88160.4921875,52251.99609375,6699.595703125,38763.7578125,17360.845703125,19201.3984375
188,2023-01-04,183075.46875,88160.4921875,51497.44921875,6699.595703125,40715.89453125,17951.015625,19201.3984375
189,2023-01-05,182104.25,89494.8125,52346.3125,6771.828125,43644.08984375,17852.654296875,19346.86328125
190,2023-01-06,181133.03125,89780.7421875,52817.8984375,6943.38134765625,45363.82421875,18147.740234375,19443.83984375
191,2023-01-09,187931.578125,93116.546875,53100.8515625,7042.70166015625,45224.3828125,18639.548828125,19734.76953125
192,2023-01-10,184046.6875,92735.3125,53289.48828125,6925.32275390625,45921.57421875,18196.919921875,19783.2578125
193,2023-01-11,184046.6875,94260.25,53289.48828125,6997.55615234375,44434.234375,18541.185546875,20122.677734375
194,2023-01-12,185017.921875,93402.46875,54044.03125,6844.0615234375,44713.1171875,17754.29296875,20171.1640625
195,2023-01-13,187445.984375,92925.9296875,56401.97265625,6907.26513671875,46014.53515625,18344.462890625,20074.1875
196,2023-01-16,188902.8125,94641.484375,55553.109375,7151.05078125,48896.25390625,19672.345703125,20122.677734375
197,2023-01-17,188417.203125,94546.171875,57345.1484375,6916.2939453125,48524.421875,20164.154296875,20122.677734375
198,2023-01-18,186474.765625,97214.8203125,56873.5625,6979.498046875,47501.875,20951.048828125,20074.1875
199,2023-01-19,187445.984375,96738.2734375,58948.546875,7069.78857421875,47222.99609375,20557.6015625,20074.1875
200,2023-01-20,188417.203125,95308.640625,59608.7734375,7114.93408203125,47873.70703125,21000.228515625,20462.09375
201,2023-01-25,189097.046875,91877.53125,59420.13671875,7123.96337890625,48710.3359375,20754.32421875,20462.09375
202,2023-01-26,192204.96875,92068.1484375,59608.7734375,7169.10888671875,49361.04296875,20262.515625,20656.048828125
203,2023-01-27,199586.265625,91972.84375,60174.6796875,7223.283203125,49361.04296875,20410.05859375,20656.048828125
204,2023-01-30,194050.296875,90924.4453125,58948.546875,7114.93408203125,47594.83203125,20164.154296875,20316.62890625
205,2023-01-31,192399.203125,89590.125,57628.1015625,7123.96337890625,45317.34375,20164.154296875,20316.62890625
206,2023-02-01,194730.140625,89876.0546875,57722.41796875,7196.1962890625,45735.66015625,20114.974609375,20946.978515625
207,2023-02-02,192593.453125,89113.578125,57062.1953125,7187.16748046875,44480.71484375,20065.79296875,21189.421875
208,2023-02-03,194730.140625,89971.359375,56684.92578125,7132.99267578125,45177.90625,20016.611328125,21189.421875
209,2023-02-06,191816.484375,88637.0390625,56684.92578125,7042.70166015625,44480.71484375,20655.962890625,20753.02734375
210,2023-02-07,189971.15625,87779.2578125,56213.3359375,7024.64306640625,44759.59375,20852.6875,20850.001953125
211,2023-02-08,194244.546875,87969.875,56496.29296875,7187.16748046875,45456.78515625,20311.697265625,20898.4921875
212,2023-02-09,194730.140625,87398.0234375,56496.29296875,7214.25439453125,44480.71484375,20213.3359375,20898.4921875
213,2023-02-10,193273.3125,88255.8046875,56873.5625,7178.13818359375,45410.30078125,20508.419921875,20850.001953125
214,2023-02-13,190359.65625,86540.25,59231.50390625,7060.759765625,45549.7421875,20360.87890625,20656.048828125
215,2023-02-14,192302.09375,85491.8515625,58005.375,7376.77880859375,43551.12890625,20360.87890625,20704.537109375
216,2023-02-15,180938.78125,84443.4609375,57628.1015625,7295.5166015625,41180.68359375,20213.3359375,20365.119140625
217,2023-02-16,182395.625,84729.3828125,58382.64453125,7277.45849609375,41273.64453125,20508.419921875,20365.119140625
218,2023-02-17,181715.75,84729.3828125,58759.9140625,7331.6328125,42946.8984375,20360.87890625,20268.142578125
219,2023-02-20,182492.734375,85777.78125,57816.734375,7295.5166015625,42621.54296875,20508.419921875,20413.607421875
220,2023-02-21,182492.734375,85205.9296875,58194.0078125,7286.4873046875,43086.3359375,20065.79296875,20462.09375
221,2023-02-22,178802.09375,84062.2265625,57250.83203125,7132.99267578125,41831.39453125,19377.26171875,20074.1875
222,2023-02-23,177248.125,84443.4609375,56684.92578125,7196.1962890625,42017.3125,19642.837890625,20025.69921875
223,2023-02-24,175208.578125,83299.7578125,56684.92578125,7151.05078125,42110.26953125,19278.8984375,19928.72265625
224,2023-02-27,173169.015625,82632.59375,56873.5625,6970.46826171875,42296.19140625,19328.080078125,20074.1875
225,2023-02-28,173460.375,82918.5234375,56024.703125,7114.93408203125,42203.23046875,20262.515625,19880.234375
226,2023-03-02,176859.640625,83013.828125,56119.0234375,6961.439453125,41552.515625,20557.6015625,19928.72265625
227,2023-03-03,176568.28125,83490.375,55175.83984375,6889.20703125,40901.8125,20459.240234375,19880.234375
228,2023-03-06,179093.46875,83109.140625,55458.79296875,6780.85791015625,40390.53515625,20016.611328125,20171.1640625
229,2023-03-07,175791.296875,82727.90625,55364.4765625,6762.79931640625,40715.89453125,19869.0703125,19977.212890625
230,2023-03-08,172780.515625,81298.2734375,54421.30078125,6672.5078125,40437.015625,19672.345703125,19977.212890625
231,2023-03-09,169284.125,81202.9609375,54138.34765625,6762.79931640625,39786.3046875,19819.888671875,19880.234375
232,2023-03-10,167341.671875,79678.0234375,53289.48828125,6618.33349609375,39275.03515625,19003.486328125,19540.81640625
233,2023-03-13,167730.15625,78439.015625,54232.6640625,6573.18798828125,39693.34375,18914.9609375,19162.607421875
234,2023-03-14,162776.921875,75675.0625,52817.8984375,6356.48974609375,38159.52734375,18196.919921875,18503.1640625
235,2023-03-15,161222.953125,75579.7578125,53761.078125,6410.6640625,39042.6328125,18069.05078125,18435.28125
236,2023-03-16,158212.171875,74817.2890625,52912.21875,6365.5185546875,37787.69140625,17626.421875,18435.28125
237,2023-03-17,160251.734375,75103.2109375,53195.171875,6753.77001953125,38391.92578125,18885.453125,18551.654296875
238,2023-03-20,158212.171875,76723.4609375,52817.8984375,6645.4208984375,38391.92578125,18344.462890625,18318.91015625
239,2023-03-21,162388.421875,77295.3125,53289.48828125,6798.91552734375,39089.1171875,18029.705078125,18241.328125
240,2023-03-22,160543.109375,77009.3828125,53666.7578125,6753.77001953125,38624.32421875,17891.998046875,18115.2578125
241,2023-03-23,158600.671875,75960.9921875,53761.078125,6780.85791015625,38996.15625,17951.015625,17863.119140625
242,2023-03-24,160445.984375,75960.9921875,53666.7578125,6898.23583984375,37508.8203125,17714.947265625,17649.76953125
243,2023-03-27,160154.625,75579.7578125,53478.12109375,6708.62451171875,37276.421875,17577.2421875,17174.583984375
244,2023-03-28,161320.09375,75865.6796875,54421.30078125,6835.0322265625,37880.65234375,17705.111328125,18522.560546875
245,2023-03-29,160931.59375,76342.2265625,54515.6171875,6835.0322265625,37601.7734375,18069.05078125,18580.74609375
246,2023-03-30,167827.28125,77867.1640625,54515.6171875,6889.20703125,38026.390625,18187.083984375,18891.072265625
247,2023-03-31,167535.921875,78057.78125,54798.5703125,6988.52685546875,38403.82421875,18147.740234375,18619.537109375
248,2023-04-03,166856.046875,78248.3984375,55458.79296875,6970.46826171875,38309.46484375,18010.033203125,18435.28125
249,2023-04-04,169478.359375,78248.3984375,55930.3828125,6925.32275390625,38875.61328125,17911.671875,18706.81640625
250,2023-04-05,168604.25,77676.546875,55458.79296875,7015.6142578125,38875.61328125,17832.982421875,18813.490234375
251,2023-04-06,164136.625,76914.078125,54609.93359375,6862.119140625,38073.5703125,17410.025390625,18619.537109375
252,2023-04-07,166176.203125,76246.9140625,53666.7578125,6979.498046875,38498.1796875,17439.53515625,18522.560546875
253,2023-04-10,166370.453125,76056.296875,53761.078125,6916.2939453125,38167.92578125,17046.087890625,18483.76953125
254,2023-04-11,167244.546875,77485.9296875,54987.20703125,7006.5849609375,38734.07421875,17114.94140625,18803.79296875
255,2023-04-12,171226.5625,78820.25,55458.79296875,7042.70166015625,39158.69140625,17124.77734375,18939.560546875
256,2023-04-13,167730.15625,78248.3984375,55647.4296875,7214.25439453125,38451.00390625,16967.3984375,19734.76953125
257,2023-04-14,169672.609375,79582.71875,56590.60546875,7123.96337890625,39819.1953125,17203.466796875,20219.654296875
258,2023-04-17,165107.84375,78820.25,56967.87890625,7142.02197265625,39158.69140625,16908.380859375,20801.513671875
259,2023-04-18,165107.84375,79392.1015625,56496.29296875,7277.45849609375,39630.48046875,17164.12109375,21334.88671875
260,2023-04-19,165593.46875,79106.171875,56401.97265625,7205.22509765625,39819.1953125,17075.595703125,21334.88671875
261,2023-04-20,163359.65625,78724.9375,56590.60546875,7142.02197265625,40149.453125,16731.330078125,20946.978515625
262,2023-04-21,162097.0625,77867.1640625,56590.60546875,7024.64306640625,39772.015625,16259.1943359375,20753.02734375
263,2023-04-24,160445.984375,77009.3828125,56684.92578125,6943.38134765625,39253.046875,15924.7646484375,21140.931640625
264,2023-04-25,158406.421875,76628.1484375,56024.703125,6871.1484375,39724.83984375,16032.9619140625,21043.95703125
265,2023-04-26,158697.78125,77390.6171875,55364.4765625,6771.828125,39677.66015625,16200.1767578125,22013.72265625
266,2023-04-27,157240.953125,76056.296875,55553.109375,6699.595703125,39300.2265625,15993.6171875,22547.095703125
267,2023-04-28,157823.6875,76056.296875,55836.0625,6681.53759765625,39583.30078125,16131.32421875,21965.236328125
268,2023-05-02,160640.21875,76914.078125,56401.97265625,6871.1484375,40007.91015625,16613.296875,22159.1875
269,2023-05-03,159183.40625,76151.609375,55930.3828125,6871.1484375,39205.8671875,16406.736328125,21916.74609375
270,2023-05-04,159377.640625,75865.6796875,54609.93359375,6807.94482421875,39253.046875,16652.640625,21625.81640625
271,2023-05-08,162097.0625,77485.9296875,55553.109375,6898.23583984375,39913.55859375,16721.494140625,21722.79296875
272,2023-05-09,162874.046875,78057.78125,55836.0625,7015.6142578125,39819.1953125,16387.064453125,22741.05078125
273,2023-05-10,162194.1875,77009.3828125,55836.0625,7015.6142578125,38545.359375,16632.96875,22692.560546875
274,2023-05-11,161514.328125,76532.84375,55553.109375,7132.99267578125,39536.12109375,16810.01953125,22692.560546875
275,2023-05-12,159960.375,78629.6328125,54609.93359375,7142.02197265625,38781.2578125,16682.150390625,21916.74609375
276,2023-05-15,160737.359375,77390.6171875,54798.5703125,6952.41064453125,38828.43359375,16849.365234375,21916.74609375
277,2023-05-16,158406.421875,77676.546875,54138.34765625,6943.38134765625,39111.51171875,16564.115234375,21722.79296875
278,2023-05-17,159377.640625,77295.3125,54044.03125,6916.2939453125,38922.79296875,17154.28515625,21674.306640625
279,2023-05-18,162194.1875,78343.703125,54421.30078125,6835.0322265625,39488.9453125,17065.759765625,21528.83984375
280,2023-05-19,163553.890625,78439.015625,54704.25,6961.439453125,39724.83984375,17144.44921875,21577.328125
281,2023-05-22,167633.03125,78343.703125,56024.703125,7033.67236328125,39536.12109375,17262.484375,21092.443359375
282,2023-05-23,166953.1875,78534.3203125,56119.0234375,7051.73046875,39441.76171875,17252.6484375,21237.908203125
283,2023-05-24,167050.296875,77581.234375,56307.65625,6961.439453125,39300.2265625,17016.580078125,21140.931640625
284,2023-05-25,164913.609375,76818.765625,56213.3359375,6862.119140625,38734.07421875,16967.3984375,20753.02734375
285,2023-05-26,167827.28125,76246.9140625,55458.79296875,6789.88671875,38451.00390625,16839.52734375,20413.607421875
286,2023-05-30,167730.15625,75579.7578125,54421.30078125,6970.46826171875,38922.79296875,16996.90625,20559.072265625
287,2023-05-31,162971.15625,76246.9140625,53855.390625,6871.1484375,39111.51171875,16829.69140625,20074.1875
288,2023-06-01,163262.53125,76532.84375,54138.34765625,6934.3525390625,38686.8984375,16810.01953125,20413.607421875
289,2023-06-02,164719.359375,76342.2265625,55175.83984375,6934.3525390625,39300.2265625,16829.69140625,20801.513671875
290,2023-06-05,164913.609375,77009.3828125,56119.0234375,7006.5849609375,39583.30078125,17105.10546875,21043.95703125
291,2023-06-07,169769.71875,76532.84375,56684.92578125,7024.64306640625,39536.12109375,17410.025390625,21334.88671875
292,2023-06-08,165787.71875,76914.078125,56779.2421875,7142.02197265625,39158.69140625,17724.783203125,21043.95703125
293,2023-06-09,168118.65625,77390.6171875,56684.92578125,7132.99267578125,39819.1953125,17419.86328125,21625.81640625
294,2023-06-12,166079.078125,76437.53125,56684.92578125,7006.5849609375,39347.40625,17311.6640625,21965.236328125
295,2023-06-13,165787.71875,76628.1484375,56024.703125,6916.2939453125,38686.8984375,17439.53515625,21431.86328125
296,2023-06-14,163748.140625,76437.53125,56307.65625,6907.26513671875,38734.07421875,17282.15625,20559.072265625
297,2023-06-15,162388.421875,76056.296875,55741.74609375,6744.7412109375,38592.5390625,17046.087890625,20607.560546875
298,2023-06-16,161222.953125,75293.828125,57816.734375,6717.65380859375,38545.359375,17459.20703125,20850.001953125
299,2023-06-19,159863.25,75103.2109375,59797.40625,6816.9736328125,38451.00390625,18137.90234375,21674.306640625
300,2023-06-20,158794.90625,74531.359375,59325.81640625,6771.828125,38215.10546875,18019.869140625,21771.28125
301,2023-06-21,156561.09375,71576.7890625,59891.72265625,6726.6826171875,37837.67578125,17587.078125,21334.88671875
302,2023-06-22,156366.84375,71195.5546875,59703.0859375,6726.6826171875,38309.46484375,17478.87890625,21431.86328125
303,2023-06-23,153647.4375,68908.1484375,58759.9140625,6591.24658203125,37696.13671875,17065.759765625,21286.3984375
304,2023-06-26,147237.359375,67859.7578125,58948.546875,6663.47900390625,37413.05859375,16810.01953125,21480.3515625
305,2023-06-27,150636.640625,68240.9921875,59042.8671875,6654.4501953125,37601.77734375,16652.640625,21528.83984375
306,2023-06-28,148694.1875,67764.4453125,57628.1015625,6636.39208984375,37979.20703125,16918.216796875,21916.74609375
307,2023-06-29,144032.3125,65762.9609375,57053.734375,6555.1298828125,37165.02734375,16426.408203125,21818.0234375
308,2023-06-30,144420.8125,65381.73046875,57340.921875,6726.6826171875,37548.171875,16672.3125,21966.109375
309,2023-07-03,145392.03125,66525.4296875,57436.64453125,6708.62451171875,38506.03515625,16514.93359375,22114.1953125
310,2023-07-04,143449.578125,63856.79296875,56670.82421875,7214.25439453125,37883.42578125,16200.1767578125,21966.109375
311,2023-07-05,142963.984375,64047.41015625,56096.4609375,7439.982421875,37404.4921875,16072.306640625,21768.66015625
312,2023-07-06,139370.453125,63666.17578125,56000.73046875,7358.72021484375,36398.73828125,15590.333984375,21077.591796875
313,2023-07-07,136165.421875,62713.0859375,55330.63671875,7132.99267578125,36111.37890625,15590.333984375,21521.849609375
314,2023-07-10,138981.953125,63952.1015625,57149.46484375,7205.22509765625,36350.84765625,15777.2216796875,21176.31640625
315,2023-07-11,140924.40625,64905.1875,56766.5546875,7169.10888671875,36829.77734375,15777.2216796875,20337.162109375
316,2023-07-12,143838.078125,65953.578125,57149.46484375,7151.05078125,36877.66796875,16170.6689453125,20435.884765625
317,2023-07-13,143255.34375,65953.578125,56958.01171875,7250.37109375,36542.41796875,16269.0302734375,21719.298828125
318,2023-07-14,145100.671875,66811.359375,58489.65234375,7205.22509765625,37643.95703125,16160.83203125,21423.126953125
319,2023-07-17,143838.078125,67097.28125,57340.921875,7241.341796875,37404.4921875,15885.419921875,22114.1953125
320,2023-07-18,143352.46875,66525.4296875,56575.09765625,7259.39990234375,37356.6015625,15600.1708984375,22163.556640625
321,2023-07-19,142769.734375,66811.359375,56862.28125,7223.283203125,37117.13671875,15619.8427734375,21669.9375
322,2023-07-20,143546.71875,67287.90625,56479.37109375,7232.31298828125,37308.70703125,15550.9892578125,21275.041015625
323,2023-07-21,143935.203125,67097.28125,57436.64453125,7430.953125,37500.28125,15590.333984375,21225.677734375
324,2023-07-24,143935.203125,66430.125,56958.01171875,7114.93408203125,36877.66796875,15334.59375,20929.505859375
325,2023-07-25,144032.3125,66048.890625,59351.203125,6952.41064453125,36925.5625,14941.146484375,20633.333984375
326,2023-07-26,141992.765625,64333.3359375,58489.65234375,6771.828125,37739.74609375,14006.7099609375,20287.798828125
327,2023-07-27,144129.453125,67097.28125,58298.1953125,7015.6142578125,39463.89453125,14891.9658203125,19942.265625
328,2023-07-28,146363.25,65953.578125,59159.74609375,7250.37109375,38027.10546875,14852.62109375,20090.3515625
329,2023-07-31,148402.828125,66716.046875,58968.29296875,7205.22509765625,37643.95703125,14685.40625,20337.162109375
330,2023-08-01,153064.703125,68240.9921875,59734.11328125,8081.048828125,38218.67578125,14921.474609375,20485.248046875
331,2023-08-02,150733.765625,68240.9921875,59159.74609375,7458.0400390625,37739.74609375,15128.0341796875,20485.248046875
332,2023-08-03,151025.125,68908.1484375,58776.8359375,7719.88427734375,36829.77734375,15196.8876953125,20337.162109375
333,2023-08-04,151025.125,70147.1640625,59829.83984375,7656.6806640625,36925.5625,15187.05078125,20534.609375
334,2023-08-07,149762.546875,70623.703125,60308.48046875,7656.6806640625,36925.5625,15393.6103515625,21423.126953125
335,2023-08-08,148694.1875,69289.3828125,61074.30078125,7620.56396484375,36829.77734375,15196.8876953125,20534.609375
336,2023-08-09,149086.53125,69194.078125,59829.83984375,7611.53515625,36302.94921875,15442.7919921875,20781.419921875
337,2023-08-10,148301.859375,73197.0390625,59159.74609375,8243.572265625,36302.94921875,16465.75390625,20583.97265625
338,2023-08-11,148203.78125,70719.015625,59159.74609375,8035.9033203125,36590.3125,16711.658203125,20732.05859375
339,2023-08-14,145653.609375,72815.8046875,58298.1953125,8442.212890625,36686.09375,17114.94140625,20435.884765625
340,2023-08-16,140749.453125,70433.0859375,56670.82421875,8360.9501953125,36255.05859375,17016.580078125,20090.3515625
341,2023-08-17,138787.78125,68240.9921875,56670.82421875,8342.892578125,36398.73828125,16721.494140625,20238.4375
342,2023-08-18,136139.53125,67478.5234375,56096.4609375,8108.1357421875,35967.703125,16819.85546875,19942.265625
343,2023-08-21,137414.625,67001.9765625,56575.09765625,8126.1943359375,36446.6328125,16347.7197265625,19942.265625
344,2023-08-22,139278.203125,66525.4296875,56287.9140625,8135.22314453125,36494.5234375,16318.2109375,19843.541015625
345,2023-08-23,139180.125,66430.125,56479.37109375,8162.31005859375,37165.02734375,16131.32421875,19991.626953125
346,2023-08-24,140455.203125,66811.359375,55905.00390625,8532.50390625,36925.5625,16347.7197265625,19843.541015625
347,2023-08-25,139768.609375,67573.828125,55905.00390625,8424.154296875,37117.13671875,16337.8837890625,20337.162109375
348,2023-08-28,141730.28125,68717.53125,57053.734375,8424.154296875,37404.4921875,16623.1328125,20534.609375
349,2023-08-29,141828.359375,68431.609375,56958.01171875,8541.533203125,37739.74609375,16514.93359375,20485.248046875
350,2023-08-30,143005.359375,67764.4453125,56575.09765625,8658.9111328125,37500.28125,16426.408203125,20732.05859375
351,2023-08-31,141730.28125,67669.140625,56575.09765625,8893.66796875,37883.42578125,15993.6171875,21324.40234375
352,2023-09-01,146438.28125,68050.375,56000.73046875,8397.0673828125,37835.53125,16101.8154296875,22755.90234375
353,2023-09-04,147811.4375,70719.015625,57532.375,8360.9501953125,38170.78125,16072.306640625,22903.98828125
354,2023-09-05,146438.28125,70147.1640625,57436.64453125,8062.990234375,37979.20703125,15905.091796875,21867.384765625
355,2023-09-06,145457.4375,69098.765625,57819.55859375,7936.5830078125,38266.5703125,15757.548828125,22212.919921875
356,2023-09-07,143201.53125,68812.84375,60978.57421875,7855.32080078125,38410.25,15610.0068359375,21818.0234375
357,2023-09-08,144084.28125,69575.3125,64616.2265625,7990.75732421875,38458.140625,15944.4365234375,22015.470703125
358,2023-09-11,144476.609375,69956.546875,67775.2421875,7990.75732421875,38984.96484375,15737.876953125,22212.919921875
359,2023-09-12,143299.609375,69194.078125,67679.515625,7936.5830078125,38937.0703125,15895.255859375,22262.28125
360,2023-09-13,143790.03125,70051.8515625,68062.421875,7746.9716796875,39559.68359375,15944.4365234375,23446.970703125
361,2023-09-14,144967.03125,69670.6171875,66817.9609375,7692.796875,39894.93359375,16013.2900390625,22854.625
362,2023-09-15,148988.4375,69861.234375,67488.0625,7801.14599609375,41666.9765625,16367.3916015625,23693.78125
363,2023-09-18,147419.109375,69575.3125,68445.34375,7683.76806640625,41571.19140625,16691.986328125,26655.50390625
364,2023-09-19,148105.6875,72243.953125,67105.1484375,7503.185546875,41427.51171875,16573.951171875,27544.01953125
365,2023-09-20,149675.03125,71481.484375,64711.953125,7494.15673828125,42145.91015625,16387.064453125,27741.46875
366,2023-09-21,147026.78125,71100.25,62797.40234375,7358.72021484375,42385.375,15914.927734375,29271.69140625
367,2023-09-22,146438.28125,71100.25,64329.046875,7268.4287109375,42529.0546875,15846.0751953125,30258.931640625
368,2023-09-25,146634.4375,71004.9375,63467.49609375,7241.341796875,42098.01171875,16072.306640625,28383.173828125
369,2023-09-26,143397.703125,68526.9140625,62594.08984375,7078.818359375,41369.67578125,15924.7646484375,27741.46875
370,2023-09-27,143397.703125,68145.6796875,64340.90234375,7105.9052734375,41224.0078125,15865.7470703125,27988.27734375
371,2023-10-04,136139.53125,66334.8125,61817.73046875,6654.4501953125,40204.33203125,15649.3515625,26951.67578125
372,2023-10-05,133393.203125,67573.828125,59391.6015625,6482.8974609375,39718.76953125,15855.9111328125,27099.76171875
373,2023-10-06,132314.296875,67478.5234375,58324.10546875,6690.56640625,41563.8984375,15924.7646484375,27247.84765625
374,2023-10-10,135158.703125,69384.6953125,59294.5546875,6600.275390625,41903.7890625,14606.716796875,26655.50390625
375,2023-10-11,144476.609375,69098.765625,59585.69140625,6690.56640625,41321.1171875,14990.328125,27198.486328125
376,2023-10-12,156050.4375,68336.296875,59391.6015625,6681.53759765625,42000.90234375,14862.45703125,27840.19140625
377,2023-10-13,150557.765625,67573.828125,59003.421875,6618.33349609375,42243.6796875,14705.0791015625,27001.037109375
378,2023-10-16,148890.359375,66620.7421875,59100.46484375,6654.4501953125,42437.90625,15147.7060546875,25964.43359375
379,2023-10-17,149086.53125,66716.046875,59003.421875,6744.7412109375,41903.7890625,15255.904296875,26013.796875
380,2023-10-18,147026.78125,67383.2109375,60750.234375,6798.91552734375,42729.2421875,15059.1806640625,25964.43359375
381,2023-10-19,146438.28125,66525.4296875,59294.5546875,6519.01318359375,42486.4609375,14832.94921875,25372.08984375
382,2023-10-20,142416.859375,65667.65625,58712.28515625,6491.92626953125,42146.5703125,15226.3955078125,25026.5546875
383,2023-10-23,138885.875,66239.5078125,57935.92578125,6500.955078125,41078.33984375,15314.921875,24927.83203125
384,2023-10-24,138983.953125,67669.140625,57644.7890625,6591.24658203125,41029.78125,15511.64453125,25569.537109375
385,2023-10-25,140259.03125,69670.6171875,59003.421875,6726.6826171875,41321.1171875,15275.5771484375,26655.50390625
386,2023-10-26,138101.203125,68526.9140625,57256.609375,6500.955078125,40592.77734375,15472.2998046875,25668.26171875
387,2023-10-27,136826.125,67955.0625,56965.47265625,6591.24658203125,40010.10546875,15600.1708984375,26754.2265625
388,2023-10-30,140651.359375,68622.2265625,57062.51953125,6600.275390625,38504.87109375,15737.876953125,27099.76171875
389,2023-10-31,139278.203125,68717.53125,55703.88671875,6645.4208984375,38067.8671875,15678.859375,27099.76171875
390,2023-11-01,142122.609375,69765.9296875,55800.93359375,6663.47900390625,38456.31640625,15728.041015625,26951.67578125
391,2023-11-02,146045.9375,69575.3125,56577.29296875,6717.65380859375,37873.64453125,15836.23828125,27001.037109375
392,2023-11-03,152519.4375,70147.1640625,57256.609375,6789.88671875,39087.54296875,16042.7978515625,26902.3125
393,2023-11-06,157717.84375,72243.953125,58712.28515625,7042.70166015625,41029.78125,16111.6513671875,26458.0546875
394,2023-11-07,156835.09375,72243.953125,57838.87890625,7024.64306640625,39670.21484375,15944.4365234375,26211.244140625
395,2023-11-08,156835.09375,75579.7578125,57353.65234375,6934.3525390625,39281.76953125,16387.064453125,25717.625
396,2023-11-09,156540.84375,75865.6796875,57450.69921875,6934.3525390625,39330.32421875,16475.58984375,25421.451171875
397,2023-11-10,156540.84375,74054.8125,57353.65234375,6844.0615234375,39621.66015625,16180.5048828125,25174.642578125
398,2023-11-13,152617.515625,73959.5078125,56383.203125,6853.09033203125,39621.66015625,16052.634765625,26063.158203125
399,2023-11-14,155560.015625,74721.9765625,56965.47265625,6907.26513671875,40107.21875,16200.1767578125,25668.26171875
400,2023-11-15,160660.34375,74721.9765625,58421.1484375,7033.67236328125,40689.890625,16160.83203125,26408.693359375
401,2023-11-16,161445.015625,75389.140625,57935.92578125,7087.84716796875,40787.00390625,16377.228515625,26211.244140625
402,2023-11-17,159875.6875,75484.4453125,57547.74609375,6988.52685546875,40398.5546875,16229.685546875,25915.072265625
403,2023-11-20,160562.265625,75484.4453125,58421.1484375,7006.5849609375,40398.5546875,16347.7197265625,26507.416015625
404,2023-11-21,160856.515625,76342.2265625,58421.1484375,7015.6142578125,40689.890625,16337.8837890625,27247.84765625
405,2023-11-22,160366.09375,75960.9921875,59197.51171875,6979.498046875,40592.77734375,16318.2109375,28432.537109375
406,2023-11-23,160169.9375,75865.6796875,59100.46484375,6907.26513671875,41078.33984375,16308.375,29419.77734375
407,2023-11-24,157619.765625,75484.4453125,59100.46484375,6826.0029296875,40544.22265625,16308.375,28926.15625
408,2023-11-27,158698.6875,76914.078125,60362.05078125,6871.1484375,40350.0,15747.712890625,28580.623046875
409,2023-11-28,163406.671875,74817.2890625,59682.73828125,7033.67236328125,40398.5546875,15501.80859375,28383.173828125
410,2023-11-29,161543.09375,73197.0390625,59197.51171875,6618.33349609375,40058.6640625,15305.0849609375,28136.36328125
411,2023-11-30,160464.1875,72911.109375,58518.1953125,6844.0615234375,40447.109375,15246.068359375,27840.19140625
412,2023-12-01,162033.515625,73292.34375,59003.421875,6826.0029296875,40641.3359375,15118.1982421875,30308.294921875
413,2023-12-04,164093.265625,73292.34375,58712.28515625,6771.828125,40495.66796875,15275.5771484375,31690.431640625
414,2023-12-05,165270.265625,73197.0390625,59391.6015625,6681.53759765625,40398.5546875,15098.525390625,32332.138671875
415,2023-12-06,165662.59375,73482.9609375,59003.421875,6753.77001953125,40398.5546875,15432.955078125,32825.7578125
416,2023-12-07,166447.265625,72720.4921875,59391.6015625,6744.7412109375,39961.55078125,15324.7578125,33368.7421875
417,2023-12-08,167526.171875,73292.34375,59488.64453125,6862.119140625,40252.88671875,15580.498046875,33121.9296875
418,2023-12-11,167526.171875,73482.9609375,59003.421875,6871.1484375,40398.5546875,15383.7744140625,31246.173828125
419,2023-12-12,168212.75,73292.34375,59585.69140625,6889.20703125,40884.11328125,15354.2666015625,31295.53515625
420,2023-12-13,168703.171875,73482.9609375,59682.73828125,6934.3525390625,40447.109375,15265.740234375,30258.931640625
421,2023-12-14,170664.84375,73673.578125,59488.64453125,7024.64306640625,40641.3359375,15550.9892578125,28432.537109375
422,2023-12-15,174195.828125,74245.4296875,59294.5546875,6907.26513671875,41709.56640625,15393.6103515625,28333.8125
423,2023-12-18,171155.25,74054.8125,59488.64453125,7051.73046875,41126.89453125,15226.3955078125,28481.8984375
424,2023-12-19,172332.25,74245.4296875,60070.91796875,7033.67236328125,40981.2265625,15364.1025390625,28975.51953125
425,2023-12-20,173803.5,75389.140625,62302.953125,7105.9052734375,41758.12109375,15354.2666015625,29567.86328125
426,2023-12-21,171939.921875,75293.828125,62205.91015625,7169.10888671875,41806.67578125,15147.7060546875,29074.2421875
427,2023-12-22,170174.421875,75103.2109375,62400.0,7232.31298828125,41661.0078125,15147.7060546875,30012.12109375
428,2023-12-26,171645.671875,77200.0,62400.0,7304.54541015625,42195.125,15010.0,30950.0
429,2023-12-27,172822.671875,75600.0,61000.0,7260.0,41563.8984375,15070.0,30800.0
430,2023-12-28,174588.171875,75000.0,63300.0,7200.0,42146.5703125,15240.0,29500.0
431,2024-01-02,177040.25,74200.0,62600.0,7300.0,41563.8984375,15270.0,28800.0
432,2024-01-03,173411.171875,73600.0,61900.0,7240.0,41126.89453125,15140.0,29600.0
433,2024-01-04,168212.75,73700.0,63500.0,7290.0,40155.7734375,15470.0,29050.0
434,2024-01-05,167133.84375,70600.0,62700.0,7170.0,40301.44140625,15670.0,28850.0
435,2024-01-08,163308.59375,70400.0,63000.0,7110.0,40058.6640625,15950.0,29000.0
436,2024-01-09,165662.59375,71000.0,63200.0,7110.0,40447.109375,16070.0,30650.0
437,2024-01-10,161248.84375,68900.0,62800.0,7070.0,39961.55078125,16070.0,30550.0
438,2024-01-11,160660.34375,69000.0,63600.0,7100.0,40058.6640625,16050.0,32150.0
439,2024-01-12,160268.015625,69800.0,64300.0,7010.0,40252.88671875,15900.0,30900.0
440,2024-01-15,158404.4375,70300.0,67700.0,6990.0,41272.5625,16020.0,30050.0
441,2024-01-16,155167.6875,69700.0,67100.0,6930.0,40350.0,16000.0,29300.0
442,2024-01-17,150067.359375,67700.0,65700.0,6800.0,40107.21875,15630.0,29250.0
443,2024-01-18,148301.859375,68800.0,66600.0,6830.0,39912.99609375,15940.0,27450.0
444,2024-01-19,150852.015625,68800.0,66500.0,6840.0,40010.10546875,16310.0,27800.0
445,2024-01-22,153500.265625,71800.0,65600.0,6980.0,40058.6640625,16250.0,26950.0
446,2024-01-23,155854.265625,72500.0,66100.0,6960.0,41661.0078125,16210.0,27100.0
447,2024-01-24,154971.515625,72200.0,67200.0,7070.0,42340.79296875,16610.0,26800.0
448,2024-01-25,157717.84375,73300.0,67400.0,7080.0,42486.4609375,16670.0,26200.0
449,2024-01-26,157129.34375,73100.0,67100.0,7190.0,43554.69140625,17230.0,25850.0
450,2024-01-29,172724.578125,79400.0,68100.0,7170.0,45059.92578125,17070.0,25550.0
451,2024-01-30,171253.34375,79900.0,68300.0,7290.0,44962.81640625,17030.0,25700.0
452,2024-01-31,179982.75,82200.0,71400.0,7550.0,46419.4921875,17140.0,25250.0
453,2024-02-01,193223.984375,86000.0,72000.0,7590.0,50498.1953125,17090.0,26350.0
454,2024-02-02,193027.8125,86200.0,70400.0,7740.0,54285.55859375,17180.0,26150.0
455,2024-02-05,189496.8125,87100.0,73600.0,7780.0,53605.7734375,17400.0,25850.0
456,2024-02-06,188810.234375,87400.0,71000.0,7800.0,52731.765625,17210.0,25500.0
457,2024-02-07,193910.5625,91100.0,71600.0,7830.0,53994.22265625,17110.0,24200.0
458,2024-02-08,192243.15625,90100.0,71600.0,7820.0,54965.33984375,17110.0,24400.0
459,2024-02-13,191752.734375,83200.0,71100.0,7720.0,53897.109375,16780.0,24950.0
460,2024-02-14,185083.078125,82400.0,69800.0,7660.0,51857.76171875,17740.0,25850.0
461,2024-02-15,182827.15625,80300.0,66800.0,7860.0,51857.76171875,17310.0,25650.0
462,2024-02-16,190281.484375,82900.0,71100.0,7800.0,54091.3359375,17170.0,27200.0
463,2024-02-19,203522.71875,85000.0,72200.0,7880.0,57198.9140625,17460.0,35081.96875
464,2024-02-20,195185.640625,82700.0,71700.0,7670.0,54576.89453125,17330.0,34692.171875
465,2024-02-21,196656.890625,81100.0,69500.0,7710.0,54382.671875,17170.0,34497.26953125
466,2024-02-22,200580.21875,80100.0,68900.0,7680.0,55353.7890625,17160.0,33392.83984375
467,2024-02-23,200089.8125,80000.0,69300.0,7640.0,57198.9140625,16990.0,33847.60546875
468,2024-02-26,186554.328125,76000.0,69400.0,7610.0,53800.0,16920.0,31183.97265625
469,2024-02-27,181944.40625,76600.0,68200.0,7450.0,54700.0,16730.0,32093.505859375
470,2024-02-28,189889.15625,77500.0,70800.0,7480.0,55600.0,16670.0,32093.505859375
471,2024-02-29,188123.65625,77600.0,70700.0,7490.0,56600.0,16800.0,32093.505859375
472,2024-03-04,189496.8125,77000.0,69500.0,7640.0,60200.0,16650.0,32093.505859375
473,2024-03-05,189300.65625,76800.0,69000.0,7590.0,59700.0,16610.0,32093.505859375
474,2024-03-06,185769.65625,75900.0,68400.0,7480.0,59200.0,16280.0,32093.505859375
475,2024-03-07,188221.734375,75300.0,69800.0,7440.0,59800.0,15620.0,32093.505859375
476,2024-03-08,186063.90625,75700.0,69000.0,7400.0,59700.0,15840.0,32093.505859375
477,2024-03-11,180865.5,75600.0,68400.0,7390.0,59500.0,15960.0,32093.505859375
478,2024-03-12,176942.171875,74000.0,67200.0,7450.0,59500.0,16040.0,32093.505859375
479,2024-03-13,175765.171875,72600.0,65900.0,7570.0,60800.0,15890.0,32093.505859375
480,2024-03-14,185279.234375,72500.0,69300.0,7530.0,64600.0,15980.0,32093.505859375
481,2024-03-15,183709.90625,73600.0,70500.0,7360.0,62100.0,15700.0,32093.505859375
482,2024-03-18,180669.328125,72900.0,70700.0,7260.0,62000.0,15690.0,32093.505859375
483,2024-03-19,179198.078125,73300.0,68900.0,7250.0,61400.0,15520.0,32093.505859375
484,2024-03-20,179492.328125,73300.0,70300.0,7350.0,62000.0,15240.0,32093.505859375
485,2024-03-21,187338.984375,74000.0,70100.0,7340.0,63900.0,15610.0,32093.505859375
486,2024-03-22,187535.15625,74200.0,68900.0,7340.0,64000.0,15910.0,32093.505859375
487,2024-03-25,184298.40625,72900.0,68100.0,7370.0,62600.0,16030.0,32093.505859375
488,2024-03-26,184788.828125,73800.0,68700.0,7290.0,61400.0,16030.0,32093.505859375
489,2024-03-27,181650.15625,73500.0,69200.0,7350.0,58900.0,15760.0,32093.505859375
490,2024-03-28,179100.0,73600.0,68900.0,7380.0,58900.0,15850.0,32093.505859375
491,2024-03-29,178600.0,72200.0,71900.0,7450.0,57700.0,15650.0,12200.0
