Date,SK㈜,롯데쇼핑,HD현대,하나금융지주,SK D&D
2022-04-01,,,,,
2022-04-04,2.484464547147658,1.4358931322628665,1.2962983467688538,0.20660278709185853,0.9966758066620063
2022-04-05,0.0,-0.2022226430535623,0.9140723831450703,-2.8865972237114956,0.0
2022-04-06,0.4040492018699826,-1.013170675882591,-0.5434756688886266,0.7431068307197641,-1.9736872805889427
2022-04-07,-1.0060381388811712,-2.149435002746225,-0.7285939560610188,-1.5806109981816863,-0.8389245887757357
2022-04-08,0.81301237855127,-1.150626070193106,0.5504560566049532,-0.749471717752026,0.169204415199542
2022-04-11,0.2016106255405159,1.1640195829769828,1.2773742686739586,1.4023823380434175,0.0
2022-04-12,-1.8108646707196807,-2.0920490179802242,-0.18018735078687564,-0.21277623802179457,-2.0270302176602195
2022-04-13,1.8442617552816731,0.9615388110409961,3.4295946448032577,0.6396704533107034,0.6896610762795907
2022-04-14,0.40242321408532344,-0.5291047198200283,1.0471233135717295,-0.2118746411901351,0.5136976392027925
2022-04-15,0.40079704949536055,0.10639106452594582,1.3817014911340353,-0.42462971949018824,1.1925019703374673
2022-04-18,-0.39919707937953186,2.1253971866611376,-0.6814277417805159,-0.4264308282963425,-1.178448943467203
2022-04-19,0.6011955742430297,-0.6243527947759842,1.3722060764402855,1.92719075805865,0.511072273001778
2022-04-20,2.3904309484900965,1.7800974471316788,0.0,0.31512221159781806,-0.5084736053890926
2022-04-21,3.112837597402618,1.1316945438915482,-0.5076117987183659,0.6282741337795494,-0.3407148486678446
2022-04-22,0.0,-0.5086510304020742,-0.1700672141509041,1.4568201546118598,0.0
2022-04-25,-2.2641442548565482,-4.8057259891550625,-0.5110784078228403,-2.6666651759726934,-1.1965788922995602
2022-04-26,1.1583008389106642,1.1815236912273486,0.3424717716555392,-0.421487970367862,0.17301004341818693
2022-04-27,-0.190837545843503,-2.760078062740934,-0.6825905821779443,-2.116398505316208,-1.381704297495412
2022-04-28,2.8680616877102993,2.183404816003698,1.3745638074515787,2.9189025373486333,0.35027667151230624
2022-04-29,-0.3717307905445777,0.9615388110409961,-1.1864350250666456,-1.2604983883204524,-0.17452700836037005
2022-05-02,0.37311778423356756,0.0,-0.3430591727515697,-0.8510566333847391,-0.17483213765988603
2022-05-03,-2.973981111537194,-0.21163828771898485,0.3442401200597134,-0.7510702109661427,-0.17512372140904287
2022-05-04,-0.1915561111457409,-0.8483666205103102,0.343043865468573,2.27025207324405,-0.526307467797893
2022-05-06,-0.7677582772970482,0.10696000525429739,0.3418863525921356,-0.4228342396444762,-0.3527329852363481
2022-05-10,-4.642164963130513,-0.6410289030493677,0.6814277417805048,-2.4416064222328004,-2.1238969552738407
2022-05-11,-1.0142006951619265,4.08602109234506,-1.8612508120067317,-3.1556081765921173,4.5207943365879855
2022-05-12,-0.6147539184272244,0.8264475880993105,-0.5172466054008673,0.3370745460899549,-0.8650502170909014
2022-05-13,1.030929796842428,3.9959002821453593,2.2530377672372204,2.799565558872996,3.490394533856045
2022-05-16,0.20407932630277514,0.492614759018406,1.355940868605332,1.1982555715178256,-0.33726748743954094
2022-05-17,1.8329866436414433,-0.9803999233171323,1.8394559613927663,-0.43056196976063443,-1.6920441519955087
2022-05-18,-0.7999910344468453,0.0,0.8210141523189218,-0.10812314135730805,-0.6884668234223512
2022-05-19,-0.4032278965628078,-3.96039403850732,-1.6286568018023306,-1.9480478624089415,-0.8665566658321855
2022-05-20,0.6072872738035917,-0.7216429668812752,-0.6622558631012354,3.6423796571613654,1.5734308837528133
2022-05-23,-1.0060381388811712,1.349944630383737,-2.333329664517536,0.9584741187222523,1.7211670585558725
2022-05-24,-5.284546963031566,-0.6147572413475744,-1.19454874772984,0.5274324676016517,-0.3384088303991062
2022-05-25,1.5021359958375058,0.41236740964643026,0.5181476923219241,0.4197188256565898,0.848894810998968
2022-05-26,-0.211407149878029,-0.92401632950182,0.5154537610023269,0.7314498271682845,-0.6733993962669715
2022-05-27,0.8474550231436506,1.6580336637754378,1.3675225279407899,1.76349534020539,0.6779648071854494
2022-05-30,2.1008373974996664,1.9367902226185008,1.011814637195818,0.9174198939413625,0.5050495472002314
2022-05-31,2.057617131997058,1.5000034872527213,4.340561494143369,0.0,3.5175952798391696
2022-06-02,0.6048451675850997,-2.9556634147187566,0.0,-3.838385933032451,-1.6181265606396544
2022-06-03,0.20038531369059864,8.121822852578632,0.640004077977907,0.0,1.3157869453973348
2022-06-07,-1.3999909026004675,-1.4084459798880622,1.2718610540267683,-1.7857052549598684,-1.6233735445721598
2022-06-08,0.0,2.857141237048766,2.1977915751019372,0.0,-0.3300392521910278
2022-06-09,1.0142006951619376,-1.8518508309592119,-0.46082045946332917,-0.42780871274793464,-3.4768216152215037
2022-06-10,-1.0040179382526215,-1.8867913930498692,0.6172809752218678,-1.1815335211131317,-2.229841476864991
2022-06-13,-3.2454395501498534,-2.8846219115754135,-3.6809844921058987,-2.826075580161125,-4.736840410106979
2022-06-14,-0.6289237335821762,0.4950534654542649,-0.3184698214993009,1.0067091930749728,-1.8416170884116068
2022-06-15,-4.008449014716231,-0.9852211382395892,-3.035150658765229,-1.8826239378583742,-2.6266521668745324
2022-06-16,0.43956274818539587,0.4975079325369558,0.16474387073188712,-0.7900649428277173,-1.7340928005186274
2022-06-17,1.3129099372489295,-3.069304537715001,-1.6447217779719137,-3.071676234748655,0.5882423202969722
2022-06-20,-3.0237525639561613,0.20429693401691207,-1.003354538625767,-1.5258208203800416,-3.8986438170145243
2022-06-21,1.1135804977801866,4.99490103888407,3.3783698734678014,0.5959547445546276,1.2170277072457658
2022-06-22,-4.185018492251158,-3.6893281650759446,-3.1045679677354165,-5.21328529190207,-2.4048051955110394
2022-06-23,-0.689654963382702,-0.3024166322202704,-1.8549659114149741,0.12501741557322532,-1.8480457979989762
2022-06-24,2.7777693000026638,2.1233549522531314,1.3745638074515787,0.6242272008735172,5.439328827378742
2022-06-27,0.0,2.4752504847079138,3.8983016366052725,-1.240709555219499,1.7857274427162784
2022-06-28,1.3513584741692952,-0.48308742045616304,0.6525254607509412,2.386924637727472,-0.19494764416642107
2022-06-29,-2.4608463921049206,-0.970873225200708,-2.467099981978138,-0.12514629008347766,1.3888944348795285
2022-06-30,-1.3761487525094207,1.960783169195368,0.16863517692864427,-1.3784345638362838,0.9784705454942921
2022-07-01,-1.6279169462731446,-3.3653867779316116,-2.3569030796891544,1.1435807112130547,0.0
2022-07-04,-0.9456202010550752,2.985072984756454,-4.310342932333489,-3.643210641050809,-4.069767673246916
2022-07-05,3.3412937436738455,-1.4492704792373523,-1.2612616324052972,1.5645143143567797,1.2121224692996924
2022-07-06,-5.080838708452928,-2.6470597800295814,-5.656939431193663,-3.594334357418194,-0.798395813769126
2022-07-07,1.216546853544287,-0.8056407270801147,1.5473820368049118,-1.997340421116589,0.4024066053721187
2022-07-08,0.24038497486078558,0.5076096107764938,0.7619098667964286,1.086958889125511,-0.6011989079287128
2022-07-11,-0.23980851123135416,-4.747466286239099,-1.1342147310353323,-1.7473133483231984,-0.806460694905442
2022-07-12,-0.721154924582379,-4.453875149815745,-1.7208443222965886,-1.367993547534696,0.0
2022-07-13,0.9685244612915644,0.44394714208320085,0.5836614819863861,-1.109566324104383,-4.8780457263516315
2022-07-14,-0.9592340449254277,-0.44198496247385144,-0.3868497616059341,-2.3842976987253017,-2.5640964883596795
2022-07-15,1.93704099477503,-1.4428376518303865,-0.7766956637259792,-2.7298807739616127,-1.7543877031094723
2022-07-18,0.9501280198523032,1.2387274670266013,2.9354229832116108,5.1698742984388035,3.5714321730884846
2022-07-19,1.647053530453113,-0.44493482179805977,0.0,0.14044426466510718,1.2930958556297334
2022-07-20,-0.23147425323576387,4.1340789024776115,0.5703376124815529,2.6647922894901033,-0.4255323611265349
2022-07-21,0.23201129965906286,1.5021506032832033,0.18903717381986151,2.1857972028686667,1.4957324589556231
2022-07-22,-0.9259197503373451,-0.9513835498533019,0.37736099507952314,-3.3422480425877255,0.0
2022-07-25,1.6355163959000274,0.5336222115230216,0.187971167670975,0.27663963705628625,0.6315752520243967
2022-07-26,0.0,0.7431021072858757,2.439023987829003,-0.9655245945719204,2.0920437738382036
2022-07-27,0.9195415449228195,-0.31611937232500775,1.0989003024417965,0.5570887432464033,1.6393544723519948
2022-07-28,-0.4555889694739301,-1.585627261744349,0.3623212360183592,1.9390671920631375,3.62903586415364
2022-07-29,0.6864998845419024,2.4704577965781738,2.7075752533485486,1.086958889125511,0.19454872040287619
2022-08-01,-0.9090848207309432,-1.5723307168090228,1.054480826781834,-0.8064518542311938,1.7475705701035515
2022-08-02,-1.6055068779276649,-2.129924468669253,-0.5217349545443395,0.0,-0.9542033646606773
2022-08-03,0.6992940812283299,2.285099742891572,0.0,-0.13551446867346995,-0.7707058191458782
2022-08-04,-0.23147425323576387,1.5957483387141203,-1.0489502963737962,0.9498099739623456,1.7475705701035515
2022-08-05,1.1600944818747294,1.5706752658545708,-0.17667961188128078,2.2849339529654733,2.671766285781163
2022-08-08,0.6880743762547104,4.639177201276734,0.5309691814056494,2.6281180948092286,1.3011049822875043
2022-08-09,0.6833573502345924,0.0,0.7042300404290547,1.024347247023294,3.3027556537331693
2022-08-10,0.9049861910140233,0.0,2.0979005927475924,-0.3802310552390997,-0.1776237159613836
2022-08-11,2.4663639930134984,1.4778358972579841,0.3424680224643817,2.1628552063545525,0.0
2022-08-12,0.6564561299007288,-0.970873225200708,1.8771379970901947,-1.3698734963930703,1.957293722170883
2022-08-16,-0.217391629290542,-0.9803999233171323,-1.00503171353864,-1.1363612085908747,-1.047114339274824
2022-08-17,3.0501063682036866,0.0,-0.1692058581250988,0.2554411908047616,-3.703710947445993
2022-08-18,-0.2114098902808892,0.4950534654542649,0.6779705984693463,-1.910842549568914,0.0
2022-08-19,-1.906782438688981,-1.4778358972579841,-0.3367025549081082,0.0,2.0146578975141827
2022-08-22,-0.8639321685108947,1.5000034872527213,1.1824402487060182,-1.8181843416051557,-1.615796844371109
2022-08-23,-1.742914867559231,-1.9704422764791785,0.8347226536830954,-0.13227616067648107,0.0
2022-08-24,3.104210107690908,0.100501601896541,2.980122856451062,2.913894583153298,-0.36497135414070847
2022-08-25,0.8602163257324991,0.9036148179371706,-0.482318317506536,0.9009309486084804,-0.7326015041236422
2022-08-26,-0.426446838795691,0.0,0.9693118033946124,-0.38267869177479596,0.0
2022-08-29,-2.783723192699028,-2.885571398249065,-0.9600063485448174,-2.5608168049825686,-0.9225064148512208
2022-08-30,0.2202718626296285,1.74180492161351,1.6155196723243392,1.9710944223436666,1.30354334520828
2022-08-31,2.417585896971852,-0.5035286664695993,0.4769436793603088,1.159814341567622,-1.4705896786771366
2022-09-01,-4.077258948360074,-2.7327860374908086,-2.531655345006545,-4.458609926284485,-3.7313470005586824
2022-09-02,0.4474279485277677,0.7284012681239682,0.16233875157267708,0.5333374496908849,-1.1627919008839749
2022-09-05,0.2227174740387694,0.20660970035795145,-0.16207564000209063,0.9283654680313891,0.3921572733074141
2022-09-06,-1.7777876407535587,0.309284325785697,1.1363712610086951,-0.26280244750211956,0.5859421219811756
2022-09-07,-0.9049713756976829,-1.8499492773608295,-2.5682212213529843,-3.0303030303030276,-1.7475705701035626
2022-09-08,0.22831831892891064,2.303661806600754,-1.1532057183426536,0.5434824695564666,0.5928818944882508
2022-09-13,4.78359095098948,0.30705965589921114,1.4999952365981617,6.081091814615647,2.161098341666756
2022-09-14,-2.391300804403118,-4.285710318136737,-3.4482698868877004,-2.038232052873512,-2.692302558305093
2022-09-15,1.559015026100874,0.7462709574737936,1.1904765465651224,0.7802285433965883,0.3952491849923412
2022-09-16,-1.5350828537478378,-1.1640285834995545,-1.6806759328039989,0.38709979894069324,-1.1810955185654004
2022-09-19,-1.336304844232672,-1.1777286814653176,-0.341875086953225,-0.7712027823876477,-1.9920420099664327
2022-09-20,1.8058717439046523,2.2751874825662766,0.6861033063978228,1.1657890477730248,1.6260180247746003
2022-09-21,-0.8869192478639043,0.0,0.5110691320850957,-1.7925535190164377,2.0000021357451603
2022-09-22,-0.6711419227916515,-0.6355874936073591,1.694919043653953,-0.5215163823789282,-1.5686210398920486
2022-09-23,-3.3783759867168417,-3.6247368782805767,-1.3333347989954336,2.6212288277979168,0.19919929199039288
2022-09-26,-4.89510436138938,-4.535394899563661,-5.2364839647031864,-4.214557861768775,-4.572565196729261
2022-09-27,-1.4705903595487957,4.17148652874626,-0.3565164237625651,-2.8000037997146676,-1.8750062035864823
2022-09-28,-3.4825921703331875,-2.3359172755017754,-3.0411337712805464,0.1371630591833206,-5.307857051918175
2022-09-29,0.7731970507358632,-0.5694805836434891,1.4760163467291365,0.0,-1.34528375749714
2022-09-30,-1.7902756545354892,-0.9163817374863492,-1.636366369036013,-2.87669836627088,1.5909060571802858
2022-10-04,4.947915312193074,5.317920132327791,5.175594174261433,5.077563028498044,1.7897202517503707
2022-10-05,-0.7444098375679498,-3.732166004837767,0.702984641998361,2.684590754726579,0.0
2022-10-06,1.2499935539495244,1.2542840245478137,1.0471197358554285,-2.3529648014230298,0.0
2022-10-07,1.7283894924706722,0.6756695274690472,2.0725451163868813,1.338692578294154,0.0
2022-10-11,-3.155336623147298,-1.1185676367084563,-2.5380729920577494,-2.6420166754369534,-2.857150078596493
2022-10-12,1.2531346830523704,0.791857663440676,0.6944490564456229,1.3568567184825797,0.45248915029609815
2022-10-13,-1.2376255678157366,-1.907970363842315,-1.0344895815304733,0.4016155226560292,-3.3783864412750164
2022-10-14,3.2581419699595715,1.7162413384339104,1.9163814179056216,2.5333291378150546,1.165507235665153
2022-10-17,-3.6407742493315576,-0.22496985524490531,-1.1965891110924498,-0.3901200620634482,0.0
2022-10-18,3.2745640550933874,2.0293131750876547,0.6920537625198175,2.872061782881219,2.0737396094410387
2022-10-19,-0.24391077543709505,-0.5524812030923143,1.0309270561897899,0.2537977842957284,-1.3544123957021093
2022-10-20,1.4669948963544455,2.000000756043918,-0.680276585390216,-0.8860603956333368,-0.9153233984777631
2022-10-21,-2.650598493354317,-1.5250591493171872,-1.5410985720033632,-0.8940043599815706,-0.46189422446778483
2022-10-24,0.0,-0.553101758078145,-0.5217349545443395,-2.5773167481405013,-0.9280751745656124
2022-10-25,2.2277179176510176,-1.5572813373551653,-1.2237766269426076,0.9259331247353897,0.0
2022-10-26,-0.4842622306457822,-0.11299332948199181,-0.5309769636824502,2.752303108164522,-1.6393507273498864
2022-10-27,2.4330857407022455,1.4705845564471298,4.804271116938641,4.846918868005323,1.1904823605930037
2022-10-28,0.0,1.8952081352352712,2.3769183440037978,0.6082880849596961,-1.647055662831376
2022-10-31,1.6627182018705389,-4.376365334247778,0.9950168219357014,-0.2418398175723535,-1.4354081089725135
2022-11-01,1.8691615953142948,0.9153332552852111,0.32840218636362994,0.12120225556231379,1.6990258354965926
2022-11-02,0.2293506158207892,1.5873064855452812,0.4910016494097613,-0.24213263020208542,1.1933235518534646
2022-11-03,0.4576740821081504,-0.6696462474065856,0.0,-0.8495103659242997,-1.6509595256569365
2022-11-04,-0.6833722667924813,0.8988778004219267,1.4658006465002593,-0.24479993616758344,-1.4388407012147053
2022-11-07,1.834857493748454,-1.0022370017016669,2.4077065127980246,0.12271126552794165,0.9732470241271551
2022-11-08,0.9008948553120177,0.22497942273045357,0.47022254678139586,-0.12256086953390533,4.81927174265997
2022-11-09,-0.22320731984949438,0.3366972832631099,-1.560058956657584,1.1042921188116006,2.068962847478728
2022-11-10,-1.565997819847187,-2.0134141348946644,-2.535667326957869,-1.5776713719264923,1.5765828060496867
2022-11-11,3.181815475880412,2.8538746503863566,0.4878009719413656,2.0961719394446687,0.6651845526956635
2022-11-14,-2.202639295828146,0.5549433676639959,0.9708802795857396,-0.3623001742719234,-2.6431744364855625
2022-11-15,-1.3513533444026393,-0.33113220043787805,-1.2820597739300665,-0.7272890958773703,0.9049690082798323
2022-11-16,0.4566216872426976,0.7751962080001285,0.9740325094360403,1.9536063747875643,0.22422009889886407
2022-11-17,-1.590904017275785,-2.9670341071245443,-0.3215384758941897,-1.7964105065814917,0.22371847710822568
2022-11-18,-2.540419354226464,-1.019252951758054,1.4516153853954883,0.9756065244466816,-0.22321909474883883
2022-11-21,-1.184835869856593,-0.6864926426988882,2.0667722549192247,1.328502090714534,0.0
2022-11-22,-1.199042556156782,-1.7281144486681166,-0.9345787351610291,0.8343437472037474,-3.803122227121669
2022-11-23,-0.48542967913386414,0.9378678152506925,1.8867910179527714,-0.11820421802419823,0.23255358584983732
2022-11-24,1.4634087519111993,-1.0453064244928978,-1.0802472381939099,2.603549248179249,0.4640375872828173
2022-11-25,0.9615398994431867,0.4694893328916816,0.9360367459091412,-0.11535141402549964,0.0
2022-11-28,0.2380877950790783,-2.9205542124404182,-0.3091210485568596,-3.3487353970563016,7.159355736523287
2022-11-29,2.3753083838887745,1.2033687077258604,0.4651193546614696,4.54003836103658,0.0
2022-11-30,1.6241246779087337,0.4756199276132911,-0.4629660101427846,1.828565217201028,-1.0775916819956488
2022-12-01,-0.6849250555564845,-0.1183521888561967,0.7751921074026225,3.254775305970714,0.0
2022-12-02,-2.988510020999191,-0.5924117481845403,-2.1538401385605477,-0.9782684452016355,0.2178696220148213
2022-12-05,0.0,1.4302815065207364,0.9433955089763746,0.10978011814608557,-2.391311160812226
2022-12-06,-0.7109015219139536,0.822554210779125,0.7788144711528222,-0.5482498433467264,-2.4498957923222986
2022-12-07,-2.6252944128890676,5.477855628054917,-1.2364773982671884,-2.7563413239408696,-1.826467319186742
2022-12-08,0.0,-2.541432330897375,-0.9389664577375667,1.5873038310863619,-1.627913307477069
2022-12-09,-0.24510641822026447,2.1541947707991227,0.7898876816587519,3.6830344496917133,1.8912548832496157
2022-12-12,-0.9827944403215438,1.7757980083927816,1.7241355545420056,1.614632762187429,0.0
2022-12-13,0.4962786413970077,-0.4362010917827286,-0.6163301368573904,-1.8008426907197839,-0.2320140289059358
2022-12-14,1.4814755529168,-1.4238737766015586,1.3953444299181106,-0.43149321148729936,0.9302238950313901
2022-12-15,-1.2165388871579697,-2.4444411682541745,-0.45871192631511404,-3.4669630433815657,-1.1520796638226694
2022-12-16,0.24629771176434279,0.7972592548102453,-0.30722169558197177,0.4489372822142901,0.46621055338473827
2022-12-19,-0.24569257657026666,-0.6779695876199976,0.15408422796878707,-0.44693084303419894,-2.320187936414031
2022-12-20,-1.2315369457857939,-0.4550584760011467,-1.230763860721873,0.11223432055358362,-1.6627046637816112
2022-12-21,-0.49874572590271615,-0.22856936225706947,1.2461004142892529,1.5695089649856886,2.415461333521174
2022-12-22,0.7518808098314178,3.0927847104536887,0.1538471737388747,0.0,0.0
2022-12-23,-1.2437829179761328,-1.222230034675953,-0.6144366369605581,-1.434879899974395,-1.415095710395775
2022-12-26,1.007549923481399,0.674919133220242,-1.3910379225456238,-0.11198295393859414,-0.9569387393150164
2022-12-27,0.9975159469542749,1.675981529297399,-0.15673395709892013,1.5695089649856886,0.24155109374093264
2022-12-28,-1.2562844132968487,5.815281045357001,0.16666441180197555,-1.4035039433738739,0.7370893082809138
2022-12-29,-3.816786768337177,-1.939654144431724,-4.991682023046662,-0.23725374256862164,-2.1951176380434423
2023-01-02,-2.116401981288585,0.10988554662316741,-1.225917407153898,-2.972644737140584,-1.7456324032575354
2023-01-03,-0.5405470274348567,1.5367720166460375,-1.773047718440146,2.205874628425031,0.5076029518689573
2023-01-04,2.44565108098036,0.0,-1.4440462090600459,5.035974122897091,0.0
2023-01-05,-0.5305018507565595,1.5135127758385991,1.6483445631565008,7.191784764624676,0.7575844652412345
2023-01-06,-0.5333311825506559,0.3194930292747422,0.9009037244821272,3.9403602667779536,0.501252120771345
2023-01-09,3.753344615326748,3.7155013494246214,0.5357144706066297,-0.30738459257225736,1.496256345649316
2023-01-10,-2.0671835269834293,-0.4094163580955934,0.3552497171876112,1.5416272437382972,0.24569975936743482
2023-01-11,0.0,1.6443978662389336,0.0,-3.238869461802363,1.7156927594631943
2023-01-12,0.5277108695585842,-0.9100137650812523,1.4159173324361118,0.6276217204428836,0.24095365818124215
2023-01-13,1.3123390833675197,-0.5101996434114575,4.3630009126673475,2.910604472593814,-0.48075861697681743
2023-01-16,0.7771988980492139,1.8461528372858194,-1.5050103525863223,6.262627102967899,0.24154540019274418
2023-01-17,-0.25706836683545564,-0.10070900792547022,3.2258050906659674,-0.7604589468406475,0.0
2023-01-18,-1.030923645921733,2.8225875089138874,-0.8223709530789325,-2.107275082430715,-0.24096336427019693
2023-01-19,0.5208311949044697,-0.4901998208381442,3.6484235074364157,-0.5870820888649098,0.0
2023-01-20,0.5181325986994834,-1.4778357745072301,1.120004813519837,1.377945135315417,1.9323632015419312
2023-01-25,0.36081830041230223,-3.5999982294365074,-0.31645797736097325,1.7475749385855721,0.0
2023-01-26,1.6435591810455064,0.2074687738194969,0.3174626131253522,1.335878566583748,0.9478653986081165
2023-01-27,3.840325732994354,-0.10351537325060667,0.9493608257907793,0.0,0.0
2023-01-30,-2.773722296303427,-1.1398999908600715,-2.037616140562659,-3.5781551558715763,-1.6431892254623937
2023-01-31,-0.8508586570540433,-1.4675044845355423,-2.239996373956421,-4.785158774706122,0.0
2023-02-01,1.2115109949211167,0.3191531293208927,0.16367069180251992,0.9230823601614979,3.1026190346866933
2023-02-02,-1.0972556652720233,-0.8483645228433034,-1.1437956708222452,-2.7439099123367616,1.1574051411240793
2023-02-03,1.1094289371369248,0.9625707642406445,-0.6611549541406414,1.567401532774526,0.0
2023-02-06,-1.4962533486847063,-1.483050074789427,0.0,-1.5432131856486841,-2.05949258100967
2023-02-07,-0.9620279148649158,-0.9677458307188691,-0.831949300895074,0.6269658822472435,0.46728879608950447
2023-02-08,2.249494454503531,0.21715515971572064,0.5033558679289118,1.5576269612590066,0.23255768205208138
2023-02-09,0.24999093040820597,-0.6500538536629685,0.0,-2.147240476359069,0.0
2023-02-10,-0.7481266743423531,0.9814652737694995,0.6677775434642097,2.0898628557688648,-0.23201810612253349
2023-02-13,-1.5075315946685652,-1.943843460013206,4.145936116100746,0.3070699904008878,-0.9302307282083033
2023-02-14,1.0204039754353245,-1.2114576020984424,-2.0700622240699573,-4.387751234184744,0.23474131792320385
2023-02-15,-5.9090945285144585,-1.2263047364620028,-0.6504044783029572,-5.442910587321482,-1.639341014759088
2023-02-16,0.8051583745261937,0.3385956376321664,1.3093316425349721,0.22573918009003435,0.0
2023-02-17,-0.37274742746707945,0.0,0.6462082019906834,4.054049321918041,-0.4761991076769334
2023-02-20,0.42758229542567694,1.2373493146055736,-1.6051479075440689,-0.7575670754745634,0.7177116024918995
2023-02-21,0.0,-0.6666663023532138,0.652533287426782,1.0905025663735968,0.2375292139596974
2023-02-22,-2.0223493486684174,-1.3422811407546753,-1.6207438131583873,-2.9126294570984035,-1.895730797216233
2023-02-23,-0.8690998619807822,0.4535144863389462,-0.9884681670497053,0.44445540112856285,-0.24154540019274418
2023-02-24,-1.1506733145978276,-1.3544010540336604,0.0,0.22123507125781927,-0.48427026246252725
2023-02-27,-1.1640768516167688,-0.8009195705007022,0.33277420742852115,0.4415119567497072,0.729935377114499
2023-02-28,0.16825144726291263,0.34602530856657765,-1.4925309576870438,-0.21978559867747993,-0.9661913303045333
2023-03-02,1.9596784712358595,0.1149377528072204,0.16834091880786328,-1.5418602711748108,0.24390195978261087
2023-03-03,-0.16474045405179272,0.574057221264912,-1.6806636119608531,-1.5659776916334467,-0.24330852552054694
2023-03-06,1.430147862415132,-0.45662074820002063,0.5128206580438555,-1.2500210106826004,1.4634117586956208
2023-03-07,-1.8438259630838671,-0.4587153376067077,-0.17006572728683889,0.8055337846045285,-0.9615269167116303
2023-03-08,-1.7127021095594275,-1.728114341706788,-1.7035826571737966,-0.6849291412251879,0.0
2023-03-09,-2.023602379210687,-0.11723803713159509,-0.519930837627991,-1.6091962461683318,-0.48544567330766064
2023-03-10,-1.147451437044078,-1.877933368924456,-1.5679375257992456,-1.2850389983833588,-1.7073137184782317
2023-03-13,0.2321504085905035,-1.5550182585438832,1.7699094934727766,1.0650750332515724,-1.9354820009159557
2023-03-14,-2.953097096992663,-3.5236968528695733,-2.6087035438957518,-3.8641652764514256,-3.441302871039431
2023-03-15,-0.954661589677519,-0.12593935749970475,1.785712436790865,2.31424635005244,-0.3668713754615416
2023-03-16,-1.867464397371299,-1.0088266647950261,-1.5789406761034352,-3.2142747801531812,0.0
2023-03-17,1.2891312190641102,0.38216016455923096,0.5347595162034313,1.5990034785215546,0.631251811658684
2023-03-20,-1.2727241349084428,2.157364485186064,-0.7092249619693569,0.0,-1.2545735108065559
2023-03-21,2.6396515201748016,0.7453411974804425,0.8928673119360075,1.8159846452073358,-0.42350789751284257
2023-03-22,-1.1363571852557652,-0.3699185348399969,0.7079550010958613,-1.1890499003029187,-0.6911246354218026
2023-03-23,-1.2099164564346454,-1.361380375625898,0.1757445578872474,0.9626988821709759,-1.3918580374882583
2023-03-24,1.1634960168733555,0.0,-0.17543623824597399,-3.8140774477294803,-1.194369028277864
2023-03-27,-0.18159343540753436,-0.501881773817503,-0.3514963944888483,-0.6195730857859738,-2.6922937746723608
2023-03-28,0.7277147007150209,0.37830483091692013,1.7636739440537896,1.6209454619227737,7.848670825018855
2023-03-29,-0.24082554811929446,0.6281455289967042,0.17330788661062968,-0.7361937631626181,0.3141333873777796
2023-03-30,4.284856279191596,1.997501996816342,0.0,1.1292268743529954,1.670149144222921
2023-03-31,-0.1736066823164406,0.2447979065309136,0.5190313154243897,0.9925673527479528,-1.4373729157984183
2023-04-03,-0.4058084931226058,0.2442001097744395,1.2048244301537947,-0.24571324124520455,-0.9895834589906505
2023-04-04,1.5716017184348674,0.0,0.850335679951586,1.4778496907686955,1.4729102993750187
2023-04-05,-0.5157645956826107,-0.7308156766387519,-0.843165939129964,0.0,0.5702404182967191
2023-04-06,-2.649770097728854,-0.9815945490303402,-1.530619719651105,-2.063120380524508,-1.030925801559246
2023-04-07,1.2426100055365374,-0.867414755223006,-1.7271139501219723,1.1152443055092887,-0.5208322952946709
2023-04-10,0.11689399345216067,-0.24999987192104722,0.1757445578872474,-0.8578327668495644,-0.2094257731096727
2023-04-11,0.5253900158240565,1.8797034187052697,2.2807074269218575,1.4832990311114846,1.7313753937417742
2023-04-12,2.380953938053465,1.7220162652513915,0.8576355650905976,1.0962368303989445,0.7220222981109803
2023-04-13,-2.0419765478852048,-0.7255135101702948,0.34013145457367777,-1.8072296968714485,4.198666502355608
2023-04-14,1.1580822247043043,1.7052365788237545,1.6949204892240832,3.5582824204951624,2.4569975936743926
2023-04-17,-2.6903373749096016,-0.9580833150413026,0.6666645498549117,-1.6587671913527058,2.877701941818289
2023-04-18,0.0,0.7255135101702948,-0.8278171011528723,1.2048131476239732,2.564106897644458
2023-04-19,0.29412594154842875,-0.36014878290494545,-0.16694957149425704,0.4761959677698435,0.0
2023-04-20,-1.3489737951998815,-0.4819274728682488,0.33445751838228066,0.8293835956763473,-1.818187310945929
2023-04-21,-0.7728920218023516,-1.0895828751848802,0.0,-0.9400812978072159,-0.9259241128992679
2023-04-24,-1.0185737480591261,-1.1015955959452928,0.16666441180197555,-1.3048590619424982,1.8691551843579957
2023-04-25,-1.2711832632925635,-0.4950492538399076,-1.1647235083235952,1.201917048636747,-0.45870546777915244
2023-04-26,0.18393154239031428,0.9950243683910731,-1.1784491829915478,-0.11876622366479017,4.608294802564505
2023-04-27,-0.9179889684185483,-1.7241370607850914,0.34071088702163355,-0.9512497194186009,2.422902544728167
2023-04-28,0.370599620149048,0.0,0.5093309844175664,0.7203064311519292,-2.580640019722602
2023-05-02,1.784606160592972,1.1278241056224214,1.0135138916717024,1.07268827628757,0.882991509755171
2023-05-03,-0.906879056400689,-0.9913253445758552,-0.8361160930220213,-2.004710982447322,-1.0940897821727469
2023-05-04,0.12201923528067926,-0.37547425438111404,-2.360879994647369,0.12033833424565099,-1.3274310258262534
2023-05-08,1.7062756509230281,2.1356824412224418,1.7271211031246292,1.6827017807136802,0.44842960227837736
2023-05-09,0.47933279173395515,0.7380069708220249,0.5093309844175664,-0.23640932636553869,4.687499719027133
2023-05-10,-0.41741418479137593,-1.343105608065176,0.0,-3.1990594204370004,-0.2132191950180995
2023-05-11,-0.4191638340923953,-0.6188064948660421,-0.5067499499091688,2.570378729929801,0.0
2023-05-12,-0.9621147195048585,2.7397244892001016,-1.6977980742950316,-1.909310186778368,-3.4188052578836836
2023-05-15,0.4857355298148125,-1.5757616825638143,0.34542565122546165,0.12166598291034614,0.0
2023-05-16,-1.4501529134629654,0.369462989043301,-1.2048173017743857,0.7290383980812942,-0.8849540172174986
2023-05-17,0.6131182931247592,-0.49079727451517563,-0.17422089255269002,-0.48250460147652996,-0.22321384418547696
2023-05-18,1.7672158176986974,1.3563443772867778,0.6980853501171058,1.4545319882026009,-0.6711396090777089
2023-05-19,0.8383180346706265,0.12165942660116169,0.519923659831889,0.5973685868739587,0.225224775705124
2023-05-22,2.49406517289934,-0.1215115962898694,2.413803543600368,-0.4750550613900839,-2.2471865362153176
2023-05-23,-0.4055547674169935,0.24330888111818716,0.16834091880786328,-0.23866624339866638,0.6896445076417734
2023-05-24,0.05816563100959904,-1.2135916293762095,0.33614385943712133,-0.3588558328334379,-0.45662012271873165
2023-05-25,-1.2790683644213097,-0.9828004879562702,-0.16750885897510726,-1.4405731042594128,-1.8348588254956
2023-05-26,1.766786795851738,-0.7444164949116261,-1.342277681827897,-0.7308043840195233,-1.6355107863132545
2023-05-30,-0.05787199749445193,-0.8749944285655009,-1.8707511742247829,1.2269977915279062,0.7125876418791144
2023-05-31,-2.837295395412831,0.8827181633144443,-1.0398616752559708,0.484843996067541,-2.3584858608174164
2023-06-01,0.17878930646662017,0.3750049310397241,0.5253942106687504,-1.085647837658088,1.690817801349187
2023-06-02,0.892322392557543,-0.24906586265455166,1.9163793109046257,1.5853538110346177,1.9002337116776458
2023-06-05,0.11792785057995747,0.8739020068452064,1.70939275396218,0.7203064311519292,1.165508256751524
2023-06-07,2.9446383433144208,-0.6188064948660421,1.0084106963520911,-0.11920074415843196,1.3824856564189636
2023-06-08,-2.3455301860185185,0.4981317253091033,0.166380212552375,-0.9546452131837135,-1.3636336172543118
2023-06-09,1.4059771843021318,0.6195732616407712,-0.16610384861599492,1.6867463870219535,2.764971312837905
2023-06-12,-1.2131777462978666,-1.2315264719893526,0.0,-1.184837912380321,1.5695126394252856
2023-06-13,-0.17543412348466347,0.24937643116254016,-1.1647235083235952,-1.678656550582669,-2.4282599964201235
2023-06-14,-1.2302347486158438,-0.24875609209776828,0.5050506459064685,0.12194252616610779,-4.072399138476102
2023-06-15,-0.8303720242624935,-0.4987528623250803,-1.0050323418495988,-0.3654021920097561,0.23584858608174386
2023-06-16,-0.7177043391043747,-1.0025057507771273,3.7225031985186785,-0.12225079936718508,1.1764682466832044
2023-06-19,-0.8433682044924451,-0.25316442562004493,3.425782868335858,-0.24479073559032782,3.9534899623903996
2023-06-20,-0.6682860194572537,-0.7614209237683411,-0.7886459338585783,-0.6135039752802274,0.4474264060517985
2023-06-21,-1.406728057437301,-3.964197536817027,0.9538887802462703,-0.9876452854713169,-2.0044503869059205
2023-06-22,-0.12407297071530543,-0.5326229075002353,-0.3149498760164904,1.246866110322209,0.454544539084778
2023-06-23,-1.7391194864480375,-3.212849819121655,-1.5797770634792263,-1.6009732419639322,-0.6787316708821267
2023-06-26,-4.171939492970722,-1.521432005898249,0.32101628588099285,-0.7509369484252737,0.9111598919351094
2023-06-27,2.3087083770243044,0.5617974294181316,0.16000447424091568,0.5044089714655087,0.2257331827596909
2023-06-28,-1.2894957806684038,-0.6983293468105445,-2.39616687398867,1.0037549130978318,1.8017982056409476
2023-06-29,-3.135209975843878,-2.953590730020783,-0.9966790019571903,-2.1437511500176365,-0.45044394741677873
2023-06-30,0.2697311410590597,-0.57970392956046,0.5033631946199879,1.030927618339117,0.6787321405360425
2023-07-03,0.6724922351478924,1.7492642219016252,0.1669360260001973,2.551025079033886,0.6741564242074727
2023-07-04,-1.3360107210139804,-4.011453561872191,-1.333330522264986,-1.6169137447508475,-0.6696419897146089
2023-07-05,-0.33851180069477405,0.2985072983437753,-1.013507901407873,-1.2642298944015806,-0.8988811599687341
2023-07-06,-2.5135919831207443,-0.595237768506085,-0.17065331243740767,-2.6888586034222617,-3.174602177693453
2023-07-07,-2.299649013213323,-1.497011296900752,-1.1965803738469671,-0.7894761977176201,2.1077256680047673
2023-07-10,2.0684629116675346,1.9756891348558403,3.28719897847054,0.663139313017358,-1.6054995708848607
2023-07-11,1.397629750715157,1.4903121464562963,-0.6700152963757366,1.3175199985127506,-3.962701920279821
2023-07-12,2.067542416911894,1.6152647660096608,0.6745347825985126,0.1300323500547318,0.4854298535806656
2023-07-13,-0.4051322032359139,0.0,-0.33500423061431084,-0.9090867684043658,6.280198176977492
2023-07-14,1.2881391204647485,1.3005833411710688,2.6890696827041705,3.0144120825337906,-1.3636346059960225
2023-07-17,-0.870150174830131,0.4279539851826275,-1.9639892232540368,-0.6361309028995232,3.2258052752387467
2023-07-18,-0.3376083588783718,-0.8522723303338031,-1.3355631435773785,-0.12803442099931228,0.22321105257263607
2023-07-19,-0.4065045967337033,0.42980509685264234,0.5076148440696038,-0.6410241663695193,-2.2271657416220503
2023-07-20,0.5442220498632855,0.713272233132134,-0.6733992161983449,0.5161236276159942,-1.8223240578104982
2023-07-21,0.27063270995180133,-0.2832975650806535,1.6949081035463776,0.5134839397932911,-0.2320243764218688
2023-07-24,0.0,-0.9943118969518605,-0.8333230752008647,-1.6602896311611048,-1.3953470824648817
2023-07-25,0.06746742484926571,-0.573887788108185,4.201676522816866,0.12987407796660744,-1.4150925348642929
2023-07-26,-1.4160342492591682,-2.597401214867112,-1.4516146866230817,2.204932135427873,-1.6746452924750965
2023-07-27,1.5047861703341603,4.2962878766075185,-0.3273348764748829,4.568521561371952,-1.7031576764552026
2023-07-28,1.5498545415715048,-1.7045446606676062,1.4778343937265515,-3.640768554563867,0.7425732877329505
2023-07-31,1.39350426080318,1.1560688163952504,-0.3236205995485575,-1.0075666627186841,1.228502876652926
2023-08-01,3.141365335755797,2.2857249251550416,1.2986984597058715,1.526722468424091,0.7281543840953919
2023-08-02,-1.5228445568515214,0.0,-0.9615396562357437,-1.2531299887029612,0.0
2023-08-03,0.1932940332193711,0.9776473474578218,-0.6472478019821204,-2.4111681825827014,-0.72289062432217
2023-08-04,0.0,1.7980683752137017,1.7915287365412258,0.26007530633702647,0.9708693108857247
2023-08-07,-0.836005350103175,0.6793418791320116,0.8000031861191692,0.0,4.326927100969025
2023-08-08,-0.7133688611023148,-1.8893377909373066,1.269838514496846,-0.25940066925181915,-4.147469134963943
2023-08-09,0.2638595069494487,-0.13754587446376254,-2.037617985930429,-1.4304407004225417,1.2019247231236818
2023-08-10,-0.526319761028049,5.785120701035429,-1.1199992374206547,0.0,-0.9501144116584759
2023-08-11,-0.06613411687037551,-3.3854148599974265,0.0,0.7915700719477003,0.7194235047481845
2023-08-14,-1.7207198449938343,2.9649579310020213,-1.4563125066235139,0.26176669029540633,-1.428578965208438
2023-08-16,-3.3669994660920133,-3.2722549180439597,-2.791460498951448,-1.1749279146134217,-1.6908159694960623
2023-08-17,-1.3937332127733626,-3.112306838216905,0.0,0.3963024556379313,0.7370997816504632
2023-08-18,-1.908129070259923,-1.1173177961789182,-1.013507901407873,-1.1842035647483873,-1.4634127511078843
2023-08-21,0.9366080067210403,-0.7062200693253029,0.8532387083799664,1.3315548280510292,0.0
2023-08-22,1.3561716047327588,-0.7112430102050427,-0.5076148440696038,0.13139931265084837,-0.4950521231210425
2023-08-23,-0.0704188615299528,-0.14326053653119786,0.34013879256107327,1.8372726729759759,0.7462677018350572
2023-08-24,0.9161352060863548,0.573887788108185,-1.016950395121452,-0.6443284476427835,-0.7407397999533605
2023-08-25,-0.48883468516930373,1.1412262183147615,0.0,0.5188119172185868,2.487565567865735
2023-08-28,1.4035139104352279,1.6925238020914612,2.054790069733947,0.7741854414239802,0.9708693108857247
2023-08-29,0.0692005435500409,-0.41608286822730767,-0.1677763205136351,0.8962931633169857,-0.24038114007221
2023-08-30,0.8298763415065524,-0.974935513855868,-0.6722742787981684,-0.6345163084964578,1.2048208853036035
2023-08-31,-0.8916296078501418,-0.14064113866866235,0.0,1.0217110871668433,2.8571390888243453
2023-09-01,3.321802481782621,0.5633799564747966,-1.0152296881392076,-0.12642608281140388,6.712966567241496
2023-09-04,0.9377030638974437,3.9215663763792596,2.735043843945384,0.886071871925953,0.6507583626569335
2023-09-05,-0.9289918785885587,-0.8086248902732796,-0.16639408463495764,-0.5018870782216411,-4.525864678657731
2023-09-06,-0.6698000970972173,-1.4945699537701862,0.6666720621042899,0.7566331782902891,1.5801393717330692
2023-09-07,-1.5509047105274343,-0.41378723977748555,5.463576170125717,0.3754705120596169,-1.7777783639606581
2023-09-08,0.6164389390913128,1.1080326120078476,5.9654598198714215,0.12468188829803939,0.9049732034187574
2023-09-11,0.27229071873515753,0.5479448978400248,4.8888890500971005,1.3698639876716712,0.8968657605034736
2023-09-12,-0.8146647440659405,-1.0899176475396843,-0.14124119576758298,-0.12285385261204818,0.22221899821639468
2023-09-13,0.34223531881139024,1.2396630762973926,0.5657638747322169,1.5990244675653464,5.321509686366932
2023-09-14,0.8185546590177895,-0.5442174139535294,-1.8284111896363475,0.847453694126532,-2.526320822527628
2023-09-15,2.7740143502455794,0.27359767315826566,1.002876401940478,4.4417744538559845,3.6717130558913125
2023-09-18,-1.0533220908501728,-0.40927114666373665,1.4184452991223395,-0.22988266524768264,12.5
2023-09-19,0.4657321075339782,3.835614284880151,-1.9580518397206537,-0.34562321319084877,3.3333289369617436
2023-09-20,1.059610725617821,-1.0554084003137842,-3.566336366469647,1.734109551105023,0.7168496904599753
2023-09-21,-1.7693331866266093,-0.5333330418825666,-2.958573630982486,0.5681805016482411,5.516011679266253
2023-09-22,-0.4002672132224161,0.0,2.439025300546427,0.33898411303427967,3.3726791550016344
2023-09-25,0.13395148340011875,-0.13405367772968413,-1.3392873407935157,-1.013525863476794,-6.199021944256778
2023-09-26,-2.2073493990795945,-3.4899311579564496,-1.3761473254118362,-1.7300958115691878,-2.2608644192184446
2023-09-27,0.0,-0.5563279482457051,2.790698777409273,-0.35211290878914836,0.8896738524343695
2023-10-04,-5.061567735623385,-2.6573470186286308,-3.9215674370241427,-2.4734998738788594,-3.7036990514583423
2023-10-05,-2.017289247130416,1.867821100722944,-3.92464894432909,-1.207736767327916,0.549449832737392
2023-10-06,-0.808816509930399,-0.1410378694599035,-1.7973855994212196,4.645483553558449,0.5464473785300461
2023-10-10,2.149734622167987,2.8248571217856178,1.663890446240912,0.8177544402171444,-2.173910238609733
2023-10-11,6.894048281435827,-0.412093309932704,0.49100076775072665,-1.3904992556423412,2.037036792794167
2023-10-12,8.01086637834867,-1.1034477144467814,-0.32573230111019313,1.6451277277073295,2.359341142677618
2023-10-13,-3.5198054955789537,-1.1157595375627438,-0.6535935675880067,0.5780288760537156,-3.014182929383935
2023-10-16,-1.107486049011297,-1.4104365017428844,0.16447006913529183,0.4597766196903441,-3.839124813709771
2023-10-17,0.1317559282034697,0.14305557754334952,-0.16420000926653522,-1.2585851534558157,0.19011884496444864
2023-10-18,-1.3815802022692725,1.0000053866350944,2.960527448222683,1.9698770528097764,-0.1897580790962472
2023-10-19,-0.4002672132224161,-1.2729895742065733,-2.3961713110674743,-0.568185246381514,-2.2813659610991244
2023-10-20,-2.7461547900406003,-1.2893918032989005,-0.981994947628384,-0.799997499203331,-1.3618710889718777
2023-10-23,-2.4793303198061056,0.8708268197100466,-1.3223116302386928,-2.5345608452348456,-0.3944716221738198
2023-10-24,0.07061778240586847,2.1582781329637424,-0.5025150022617275,-0.11820972788749717,2.5742514524349502
2023-10-25,0.9174283047289844,2.957738998920534,2.356904821053174,0.7100596898746536,4.247111679142734
2023-10-26,-1.5384593104410205,-1.6415860389495718,-2.960527448222683,-1.7626334749011319,-3.7037085885610277
2023-10-27,-0.9232925536831749,-0.8344919223685521,-0.5084770508208214,-1.435407757556928,4.23076893811134
2023-10-30,2.7956900591900924,0.9817724212968004,0.1703608703216064,-3.7621354839358467,1.29151614771148
2023-10-31,-0.9762836677169484,0.13888311743017745,-2.3809548257958557,-1.1349314874629757,0.0
2023-11-01,2.042247951351861,1.5256637111799698,0.17421921649738437,1.0204123515423769,-0.5464473785300572
2023-11-02,2.76052356641443,-0.27322389073553,1.3913017668345073,-1.5151525924758213,0.18314752865697947
2023-11-03,4.432509462990031,0.821917346760026,1.2006873616686065,3.2051270811775057,-0.36563265690532365
2023-11-06,3.4083565578321817,2.9891287702405123,2.5423716093911697,4.968944409738918,-1.6513740686790457
2023-11-07,-0.5597020470297975,0.0,-1.4876039106221484,-3.313608712573868,-0.932837087949645
2023-11-08,0.0,4.617417158399717,-0.8389280215588157,-0.9791863089977704,-1.883234301953396
2023-11-09,-0.18761744770532385,0.37830483091692013,0.16920783774736492,0.12360616153346271,-1.1516375564423198
2023-11-10,0.0,-2.3869385932600684,-0.16892200846935213,0.7407412557283388,-0.9708674460845002
2023-11-13,-2.5062648386293795,-0.12869479279283835,-1.6920443234087257,0.0,3.529407109724203
2023-11-14,1.928022473665525,1.0309272905560496,1.032700341552295,1.2254877555235577,-1.5151520828648124
2023-11-15,3.2786883599286165,0.0,2.555365054256753,1.4527855412562074,2.884619335496863
2023-11-16,0.4884042052225368,0.892861903809461,-0.8305599414381581,0.23866685252365016,-0.7476675050259729
2023-11-17,-0.9720511462832593,0.12641699681132934,-0.6700155081074577,-0.9523847832580756,-1.1299420714675712
2023-11-20,0.42944498674946097,0.0,1.517700349770701,0.0,2.285711357192377
2023-11-21,0.183262237148063,1.1363682232132133,0.0,0.7211543575100787,2.7932999587305885
2023-11-22,-0.3048815729313148,-0.4993754992040911,1.328907941754287,-0.23866685252363906,4.347827645216817
2023-11-23,-0.1223177826516042,-0.12547558589641739,-0.16393742267593048,1.1961795466423286,3.472219980149016
2023-11-24,-1.5921663670499964,-0.5025123040752422,0.0,-1.3002404418767322,-1.677854621339836
2023-11-27,0.6845092496628347,1.8939435887505462,2.134646387021455,-0.4790390431127389,-1.1945354928551866
2023-11-28,2.966618343960792,-2.72614469758361,-1.1253966543678384,0.1203337980173469,-0.6908499455248518
2023-11-29,-1.140454121986867,-2.165609072852792,-0.8130098860635537,-0.8413435273345704,-0.8695664141352477
2023-11-30,-0.6678751935193739,-0.3906301281611402,-1.1475421627136329,0.9696911307225387,-1.0526302636892915
2023-12-01,0.9779927530558785,0.522875564873404,0.8291892118490463,0.4801988708247551,8.865253401493934
2023-12-04,1.2711876256310761,0.0,-0.4934234481633659,-0.35842318021733766,4.560258907050696
2023-12-05,0.7172750176657416,-0.13003361964393223,1.1570260030624668,-0.23981153076655382,2.024923606365059
2023-12-06,0.23738578958309997,0.39061945491518646,-0.6535935675880067,0.0,1.5267135454122949
2023-12-07,0.4736566398230835,-1.0376129925528055,0.6578935172986577,-1.0817315362651292,1.654141172007395
2023-12-08,0.6481970406355231,0.7863692135437583,0.1633951033428227,0.7290406198067201,-0.7396517933254798
2023-12-11,0.0,0.26007789865500897,-0.8156559290825816,0.36188204281544234,-5.663184111168795
2023-12-12,0.40983335159852086,-0.25940324813820137,0.9868402759479755,1.2019207060896209,0.1579755921365722
2023-12-13,0.29154857464728234,0.26007789865500897,0.16286942839740526,-1.0688843934164916,-3.3123048078568473
2023-12-14,1.162794897806374,0.25940324813820137,-0.32520919044523033,0.4801988708247551,-6.035885711172706
2023-12-15,2.068958256084885,0.7761962660884469,-0.32626368490887847,2.6284334510872753,-0.34722405881411067
2023-12-18,-1.7454942278055774,-0.2567392879296526,0.32733164920946134,-1.3969741841111327,0.5226474111099666
2023-12-19,0.6876797527391121,0.25740013520390015,0.9787976211058647,-0.3541915099845805,1.733104606187652
2023-12-20,0.8537287710222552,1.5404462501111382,3.7156668013815786,1.8957327450050077,2.0442903512434274
2023-12-21,-1.0722327945064447,-0.12642735970966879,-0.15575982177811198,0.11627603500403705,-1.669451353500484
2023-12-22,-1.0268121450488499,-0.25316442562004493,0.3120119025064927,-0.34843231619801074,3.2258068850139265
2023-12-26,0.8645541343931695,2.7918767204839323,0.0,1.28205536914483,3.125000406736711
2023-12-27,0.685714930730752,-2.072538860103623,-2.2435897435897467,-1.495970357950116,-0.4846526655896577
2023-12-28,1.0215673562071537,-0.7936507936507908,3.770491803278686,1.4018701250465337,-4.2207792207792245
2024-01-02,1.404492697681503,-1.0666666666666713,-1.1058451816745696,-1.382489418901045,-2.3728813559321993
2024-01-03,-2.0498604837035694,-0.8086253369272267,-1.1182108626198062,-1.0514025937849114,2.777777777777768
2024-01-04,-2.997743351130333,0.13586956521738358,2.5848142164781818,-2.3612798992447614,-1.858108108108103
2024-01-05,-0.6413938598590185,-4.206241519674359,-1.2598425196850394,0.362757223383392,-0.688468158347677
2024-01-08,-2.288734534055137,-0.283286118980175,0.4784688995215225,-0.6024036244826503,0.5199306759098743
2024-01-09,1.4414428205802965,0.8522727272727293,0.31746031746031633,0.9696911307225387,5.689655172413799
2024-01-10,-2.6643009143396346,-2.9577464788732355,-0.6329113924050667,-1.2004778617137002,-0.32626427406199365
2024-01-11,-0.3649638572989722,0.14513788098693414,1.273885350318471,0.24301679827591904,5.237315875613757
2024-01-12,-0.2441972398680381,1.1594202898550732,1.1006289308176154,0.48484556536128043,-3.8880248833592534
2024-01-15,-1.162788543760629,0.7163323782235054,5.287713841368591,2.5331742997081186,-2.750809061488668
2024-01-16,-2.0433455344330276,-0.8534850640113834,-0.8862629246676468,-2.235292514246001,-2.4958402662229595
2024-01-17,-3.286978240878924,-2.8694404591104727,-2.086438152011927,-0.6016883519206928,-0.17064846416382506
2024-01-18,-1.1764716906814021,1.6248153618906969,1.3698630136986356,-0.48425860057922376,-6.153846153846154
2024-01-19,1.719571326177105,0.0,-0.15015015015015232,0.2433026445118447,1.2750455373406133
2024-01-22,1.7555284157311002,4.3604651162790775,-1.3533834586466176,0.12136582291173426,-3.0575539568345356
2024-01-23,1.5335478348622589,0.9749303621169991,0.7621951219512146,3.99999297904694,0.5565862708719838
2024-01-24,-0.566394507368817,-0.4137931034482789,1.6641452344931862,1.631705981068543,-1.1070110701106972
2024-01-25,1.7721502651142362,1.5235457063711877,0.29761904761904656,0.3440369405870891,-2.238805970149249
2024-01-26,-0.3731346980198613,-0.27285129604365244,-0.4451038575667643,2.5142844218571936,-1.3358778625954248
2024-01-29,9.925093558471643,8.618331053351568,1.4903129657227954,3.4559638156086203,-1.1605415860735047
2024-01-30,-0.8517805577937354,0.6297229219143663,0.2936857562408246,-0.21551161773197824,0.5870841487279899
2024-01-31,5.097363974827496,2.8785982478097605,4.538799414348471,3.239734290860641,-1.7509727626459193
2024-02-01,7.356946360137284,4.622871046228716,0.8403361344537785,8.786617286817977,4.35643564356436
2024-02-02,-0.10152563390850577,0.23255813953488857,-2.2222222222222254,7.499997292601268,-0.7590132827324458
2024-02-05,-1.8292700695657471,1.044083526682127,4.545454545454541,-1.2522394055797137,-1.147227533460804
2024-02-06,-0.362316450573541,0.3444316877152742,-3.532608695652173,-1.6304359707057015,-1.3539651837524147
2024-02-07,2.701298550834985,4.233409610983974,0.8450704225352101,2.394111056754511,-5.098039215686279
2024-02-08,-0.8598841798522439,-1.0976948408342513,0.0,1.7985575858412428,0.8264462809917328
2024-02-13,-0.25510498504416335,-7.658157602663707,-0.6983240223463638,-1.9434619558191701,2.254098360655732
2024-02-14,-3.478258743865692,-0.9615384615384581,-1.828410689170179,-3.7837792785153423,3.607214428857719
2024-02-15,-1.218869870683914,-2.5485436893203928,-4.297994269340977,0.0,-0.7736943907156624
2024-02-16,4.077254319269108,3.237858032378571,6.437125748502992,4.307116513943976,6.042884990253405
2024-02-19,6.958761341647213,2.533172496984326,1.5471167369901506,5.745057080103666,28.977826286764707
2024-02-20,-4.096386966627041,-2.70588235294118,-0.6925207756232732,-4.584037257044738,-1.1111031931467674
2024-02-21,0.7537695884230811,-1.9347037484885088,-3.0683403068340276,-0.35586974656242054,-0.5618049641061829
2024-02-22,1.9950117753469998,-1.2330456226880449,-0.8633093525179825,1.7857106942669843,-3.20149885050911
2024-02-23,-0.24449382549095455,-0.12484394506866447,0.5805515239477588,3.3333309810402723,1.361865678773988
2024-02-26,-6.764704412424793,-5.000000000000004,0.1443001443001357,-5.9422702654565835,-7.869486705519579
2024-02-27,-2.471088138952815,0.7894736842105177,-1.729106628242072,1.6728624535315983,2.9166688066047497
2024-02-28,4.366581069320463,1.1749347258485532,3.8123167155425186,1.645338208409508,0.0
2024-02-29,-0.929752933166772,0.1290322580645098,-0.14124293785310327,1.7985611510791477,0.0
2024-03-04,0.7299221572512948,-0.773195876288657,-1.6973125884017004,6.360424028268552,0.0
2024-03-05,-0.10351427415170589,-0.2597402597402598,-0.7194244604316502,-0.830564784053156,0.0
2024-03-06,-1.8652867189941413,-1.171875,-0.8695652173912993,-0.8375209380234505,0.0
2024-03-07,1.319956215938789,-0.7905138339920903,2.0467836257309857,1.0135135135135087,0.0
2024-03-08,-1.146428775701791,0.5312084993359889,-1.1461318051575908,-0.16722408026755842,0.0
2024-03-11,-2.7938821423083016,-0.13210039630119352,-0.8695652173912993,-0.335008375209378,0.0
2024-03-12,-2.169196516195737,-2.1164021164021163,-1.7543859649122862,0.0,0.0
2024-03-13,-0.6651890770457358,-1.8918918918918948,-1.9345238095238138,2.184873949579824,0.0
2024-03-14,5.4129395479817655,-0.13774104683195176,5.159332321699539,6.25,0.0
2024-03-15,-0.847007021749524,1.5172413793103523,1.7316017316017396,-3.8699690402476783,0.0
2024-03-18,-1.6550975323357142,-0.9510869565217406,0.28368794326241176,-0.16103059581320522,0.0
2024-03-19,-0.814333022250513,0.5486968449931462,-2.545968882602545,-0.9677419354838679,0.0
2024-03-20,0.16420376997277053,0.0,2.0319303338171224,0.9771986970684043,0.0
2024-03-21,4.371583082111186,0.9549795361528002,-0.2844950213371278,3.0645161290322687,0.0
2024-03-22,0.10471492394092952,0.2702702702702675,-1.7118402282453649,0.15649452269170805,0.0
2024-03-25,-1.7259430523443475,-1.7520215633423208,-1.1611030478954953,-2.187499999999998,0.0
2024-03-26,0.2661020705381212,1.2345679012345734,0.8810572687224738,-1.9169329073482455,0.0
2024-03-27,-1.698518198771659,-0.40650406504064707,0.727802037845704,-4.071661237785018,0.0
2024-03-28,-1.4038833231116432,0.13605442176871652,-0.43352601156069204,0.0,0.0
2024-03-29,-0.27917364600781314,-1.9021739130434812,4.354136429608135,-2.037351443123936,-61.9860788863109
2024-04-01,-0.895856662933936,3.0470914127423754,-1.947148817802502,-2.253032928942811,-0.08196721311475308
