날짜,SK㈜,롯데쇼핑,HD현대,서부티앤디,하나금융지주,SK리츠,롯데리츠,코람코라이프인프라리츠,신한서부티앤디리츠,코람코더원리츠
2022-07-04,-0.009456264775413725,0.029850746268656803,-0.0431034482758621,-0.016689847009735748,-0.03643216080402012,-0.04188019084643935,-0.011257035647279534,-0.01379310344827589,-0.015353121801433,-0.030797101449275388
2022-07-05,0.03341288782816232,-0.01449275362318836,-0.012612612612612595,0.04919063334904927,0.015645371577575062,0.016414607156030936,0.028462998102466885,0.020979020979021046,0.029106029106028997,0.0018691588785046953
2022-07-06,-0.050808314087759765,-0.026470588235294135,-0.05656934306569339,-0.03355302576393049,-0.03594351732991019,0.0018145527127562122,-0.0036900369003689537,-0.008561643835616417,0.003030303030302939,0.011194029850746245
2022-07-07,0.012165450121654597,-0.00805639476334341,0.015473887814313247,0.025108493490390682,-0.01997336884154466,0.017750407534866897,-0.0092592592592593,0.0017271157167531026,0.007049345417925457,0.011070110701107083
2022-07-08,0.0024038461538462563,0.0050761421319796,0.007619047619047636,-0.009525249470819452,0.010869565217391353,0.0035593521979000453,-0.01121495327102806,0.0,0.0040000000000000036,-0.0018248175182481452
2022-07-11,-0.0023980815347721673,-0.04747474747474745,-0.011342155009451793,-0.0190810563272783,-0.017473118279569877,0.0,-0.007561436672967825,-0.005172413793103403,-0.013944223107569709,-0.021937842778793404
2022-07-12,-0.007211538461538436,-0.044538706256627814,-0.017208413001912004,-0.03221288515406162,-0.013679890560875485,-0.024472424188685893,-0.007619047619047636,-0.029462738301559765,-0.010101010101010055,-0.024299065420560706
2022-07-13,0.009685230024213176,0.004439511653718142,0.005836575875486361,0.03039073806078152,-0.01109570041608876,0.030539901836029726,-0.0057581573896353655,0.0,0.012244897959183598,-0.007662835249042099
2022-07-14,-0.00959232613908878,-0.0044198895027623974,-0.003868471953578312,-0.0015605493133582504,-0.02384291725105192,-0.02434291762215557,-0.013513513513513487,-0.017857142857142905,-0.01008064516129037,-0.007722007722007707
2022-07-15,0.01937046004842613,-0.01442841287458374,-0.007766990291262155,-0.025007814942169415,-0.027298850574712596,-0.012655939251491555,-0.007827788649706457,-0.00545454545454549,0.022403258655804503,0.0019455252918287869
2022-07-18,0.009501187648456089,0.012387387387387427,0.02935420743639927,0.050176338570054435,0.05169867060561306,0.0036623329060612164,-0.0019723865877712132,0.005484460694698434,-0.005976095617529875,0.003883495145631022
2022-07-19,0.016470588235294015,-0.004449388209121219,0.0,0.024729049000152603,0.001404494382022392,-0.0036489691662104917,0.0,-0.00545454545454549,0.0,0.005802707930367523
2022-07-20,-0.0023148148148147696,0.04134078212290504,0.005703422053231932,-0.016088187099657425,0.026647966339411022,-0.04522981138985538,-0.0019762845849802257,-0.003656307129798919,-0.033066132264529036,-0.01538461538461533
2022-07-21,0.002320185614849146,0.015021459227467782,0.001890359168241984,0.025738077214231714,0.021857923497267784,-0.015151515151515138,-0.001980198019801982,-0.0055045871559632475,0.005181347150259086,0.001953125
2022-07-22,-0.0092592592592593,-0.009513742071881603,0.0037735849056603765,-0.031734317343173446,-0.03342245989304815,0.019279454722492595,0.0,-0.0073800738007380184,-0.009278350515463885,0.00974658869395717
2022-07-25,0.016355140186915973,0.005336179295624355,0.001879699248120259,0.020426829268292757,0.0027662517289073207,-0.009361864730607516,-0.007936507936507908,-0.0037174721189591198,-0.007284079084287187,0.0
2022-07-26,0.0,0.007430997876857859,0.024390243902439046,0.05228562892142219,-0.0096551724137931,-0.009643201542912205,0.01200000000000001,0.011194029850746245,-0.017819706498951815,0.0
2022-07-27,0.009195402298850519,-0.0031612223393044925,0.01098901098901095,0.011499148211243648,0.0055710306406684396,0.0019474196689386325,-0.007905138339920903,0.0036900369003689537,-0.0010672358591248265,0.0
2022-07-28,-0.004555808656036442,-0.015856236786469302,0.0036231884057971175,0.006175438596491167,0.01939058171745156,0.011661807580174877,-0.003984063745019917,0.011029411764705843,-0.005341880341880323,0.0
2022-07-29,0.006864988558352492,0.02470461868958118,0.02707581227436817,-0.002371320965267154,0.010869565217391353,0.011335254562920172,0.016000000000000014,0.027272727272727337,0.01611170784103111,0.013513513513513598
2022-08-01,-0.009090909090909038,-0.01572327044025157,0.010544815465729274,0.012583892617449743,-0.008064516129032251,0.016907294832826825,0.0059055118110236116,0.005309734513274433,0.026427061310782207,0.02285714285714291
2022-08-02,-0.016055045871559592,-0.021299254526091604,-0.00521739130434784,0.01353217343275337,0.0,-0.012889968242107197,-0.00195694716242667,0.0,-0.006179196704428458,-0.003724394785847296
2022-08-03,0.006993006993007089,0.02285092491838947,0.0,-0.0012261580381471848,-0.0013550135501354532,-0.009462528387585212,-0.0039215686274509665,-0.01232394366197187,-0.00829015544041456,0.0
2022-08-04,-0.0023148148148147696,0.015957446808510634,-0.010489510489510523,0.009684899740826536,0.009497964721845387,0.030187237294612146,-0.007874015748031482,-0.0017825311942959443,0.010449320794148287,0.0
2022-08-05,0.011600928074245953,0.015706806282722585,-0.0017667844522968323,0.017022426371251065,0.02284946236559149,0.007418397626112849,0.007936507936507908,0.0017857142857142794,-0.008273009307135482,0.0037383177570093906
2022-08-08,0.006880733944954143,0.046391752577319645,0.005309734513274433,-0.0023910733262486605,0.026281208935611033,-0.005522827687776122,-0.007874015748031482,-0.0035650623885917776,-0.002085505735140769,0.0
2022-08-09,0.006833712984054774,0.0,0.007042253521126751,0.00239680426098543,0.010243277848911658,0.003702332469455838,0.003968253968253954,-0.0017889087656529634,-0.0031347962382445305,0.0018621973929235924
2022-08-10,0.009049773755656076,0.0,0.020979020979021046,0.005977683315621762,-0.0038022813688213253,-0.005533013648100327,-0.005928853754940677,-0.005376344086021501,0.0,-0.0018587360594795044
2022-08-11,0.024663677130044803,0.014778325123152802,0.003424657534246478,0.0010563845239666136,0.021628498727735312,0.0037091988130564246,0.013916500994035852,0.0018018018018017834,0.004192872117400492,0.014897579143389184
2022-08-12,0.006564551422319376,-0.009708737864077666,0.018771331058020424,0.008310249307479145,-0.013698630136986356,0.0,-0.00588235294117645,0.010791366906474753,0.0020876826722338038,0.0
2022-08-16,-0.0021739130434782483,-0.009803921568627416,-0.01005025125628145,-0.031658817373103054,-0.011363636363636354,0.003695491500369519,0.00591715976331364,0.001779359430605032,0.008333333333333304,0.00917431192660545
2022-08-17,0.030501089324618702,0.0,-0.0016920473773265332,-0.019319102945149935,0.0025542784163474774,-0.0018409425625920406,0.0,0.0,-0.0010330578512396382,0.0
2022-08-18,-0.0021141649048626032,0.004950495049504955,0.006779661016949046,-0.007439041190246631,-0.019108280254777066,0.007192917742530502,0.0,-0.008880994671403242,0.005170630816959676,0.0
2022-08-19,-0.01906779661016944,-0.014778325123152691,-0.0033670033670033517,-0.00374739764052745,0.0,0.005493499359091825,0.007843137254901933,0.005376344086021501,0.006172839506172867,0.0
2022-08-22,-0.008639308855291628,0.014999999999999902,0.011824324324324342,-0.019921983839509605,-0.018181818181818188,0.030595519941722715,-0.0019455252918287869,-0.016042780748663055,-0.004089979550102263,0.0018181818181817189
2022-08-23,-0.017429193899782147,-0.019704433497536922,0.008347245409014992,-0.006396588486140775,-0.001322751322751281,0.024385933910584967,-0.015594541910331383,0.0,-0.0010266940451745254,-0.001814882032667886
2022-08-24,0.03104212860310418,0.0010050251256281673,0.0298013245033113,0.03333333333333344,0.029139072847682135,-0.03398309470415728,0.0,-0.016304347826086918,-0.007194244604316502,-0.00545454545454549
2022-08-25,0.008602150537634357,0.009036144578313143,-0.004823151125401881,0.014952235913055612,0.009009009009008917,0.014107142857142874,0.005940594059405946,0.011049723756906049,-0.0010351966873706209,0.001828153564899404
2022-08-26,-0.004264392324093813,0.0,0.009693053311793154,-0.023325603601145772,-0.003826530612244916,0.003345659447085758,0.0019685039370078705,0.0,0.006217616580310947,0.0
2022-08-29,-0.027837259100642386,-0.028855721393034828,-0.009600000000000053,-0.029888268156424536,-0.025608194622279146,-0.012109512109512055,-0.011787819253438081,-0.023679417122040025,-0.011328527291452062,-0.01642335766423353
2022-08-30,0.0022026431718060735,0.01741803278688514,0.016155088852988664,0.03987906708897215,0.019710906701708275,-0.012257949902291676,0.007952286282306265,-0.003731343283582045,-0.0010416666666667185,0.0
2022-08-31,0.02417582417582409,-0.0050352467270896595,0.004769475357710551,-0.006230098297106412,0.011597938144329856,0.008992805755395628,0.01183431952662728,0.0,-0.006256517205422307,0.0
2022-09-01,-0.04077253218884125,-0.027327935222672073,-0.025316455696202556,-0.03622178879910842,-0.04458598726114649,-0.005347593582887722,-0.007797270955165692,-0.009363295880149836,-0.014690451206715638,-0.007421150278293154
2022-09-02,0.004474272930648837,0.007284079084287187,0.0016233766233766378,-0.002457357617808631,0.005333333333333412,0.014157706093189892,-0.003929273084479323,-0.003780718336483968,-0.006389776357827448,0.0
2022-09-05,0.00222717149220486,0.0020661157024792765,-0.0016207455429497752,-0.002608317635125368,0.009283819628647105,-0.012192966955292484,-0.007889546351084853,-0.007590132827324458,-0.009646302250803873,-0.009345794392523366
2022-09-06,-0.01777777777777778,0.003092783505154628,0.011363636363636465,0.0,-0.0026281208935611255,-0.021288014311270143,0.001988071570576455,0.009560229445506607,0.017316017316017396,-0.0037735849056603765
2022-09-07,-0.009049773755656076,-0.018499486125385434,-0.025682182985553803,-0.039081795728606705,-0.030303030303030276,-0.005300676293182205,-0.009920634920634885,-0.018939393939393923,-0.013829787234042601,-0.015151515151515138
2022-09-08,0.0022831050228311334,0.023036649214659644,-0.011532125205930832,0.017538554581191468,0.005434782608695565,-0.0018375597206908845,0.0010020040080160886,-0.0038610038610038533,0.011866235167206085,0.005769230769230749
2022-09-13,0.04783599088838275,0.003070624360286489,0.014999999999999902,0.03462109955423487,0.060810810810810745,0.009020618556700999,0.009009009009008917,0.011627906976744207,-0.002132196162046962,0.0
2022-09-14,-0.023913043478260843,-0.042857142857142816,-0.03448275862068961,-0.034611518023840326,-0.020382165605095537,-0.016237912789636932,-0.003968253968253954,0.0019157088122605526,-0.0010683760683760646,0.0
2022-09-15,0.015590200445434244,0.00746268656716409,0.011904761904761862,-0.013537637607854758,0.007802340702210753,0.0,0.0019920318725099584,-0.013384321223709361,-0.0117647058823529,0.0
2022-09-16,-0.015350877192982448,-0.011640211640211673,-0.01680672268907568,-0.026994420147790632,0.003870967741935516,0.0,0.00994035785288272,-0.015503875968992276,-0.01406926406926412,-0.007648183556405397
2022-09-19,-0.013363028953229383,-0.011777301927194839,-0.0034188034188034067,-0.001394916305021754,-0.007712082262210762,0.0018545994065282123,-0.0059055118110236116,-0.011811023622047223,0.0,-0.005780346820809301
2022-09-20,0.018058690744920947,0.02275189599133265,0.006861063464836947,0.019556107403383427,0.011658031088082943,-0.003702332469455727,-0.007920792079207928,0.017928286852589626,0.020856201975850697,-0.005813953488372103
2022-09-21,-0.008869179600886956,0.0,0.005110732538330387,0.040949916273405496,-0.017925736235595346,0.0,-0.001996007984031989,0.013698630136986356,-0.016129032258064502,-0.003898635477582846
2022-09-22,-0.006711409395973145,-0.006355932203389814,0.016949152542372836,-0.009213220239836173,-0.0052151238591916504,-0.02378298030471948,-0.0010000000000000009,-0.0038610038610038533,-0.0043715846994535346,-0.007827788649706457
2022-09-23,-0.03378378378378377,-0.03624733475479747,-0.013333333333333308,-0.031734317343173446,0.026212319790301475,-0.0019033117624667195,-0.0030030030030030463,-0.019379844961240345,0.007683863885839637,-0.015779092702169595
2022-09-26,-0.04895104895104896,-0.04535398230088494,-0.05236486486486491,-0.04786585365853657,-0.04214559386973182,-0.02631578947368418,-0.009036144578313254,-0.014822134387351804,-0.01851851851851849,-0.029058116232464903
2022-09-27,-0.014705882352941124,0.04171494785631524,-0.0035650623885917776,0.018731988472622474,-0.028000000000000025,-0.0019584802193497453,-0.005065856129685908,-0.014042126379137376,-0.023307436182020025,-0.019607843137254943
2022-09-28,-0.03482587064676612,-0.023359288097886566,-0.030411449016100156,-0.01555869872701554,0.00137174211248281,-0.01550235478806905,-0.010183299389002087,-0.017293997965411978,0.0,-0.023157894736842155
2022-09-29,0.0077319587628865705,-0.005694760820045608,0.014760147601476037,-0.017241379310344862,0.0,-0.003986446083316775,-0.004115226337448541,-0.0020703933747412417,-0.007954545454545436,-0.02155172413793105
2022-09-30,-0.01790281329923271,-0.009163802978235935,-0.016363636363636358,-0.0027615334632878907,-0.02876712328767128,-0.0040024014408645,0.012396694214876103,-0.009336099585062207,-0.010309278350515427,-0.01211453744493396
2022-10-04,0.04947916666666674,0.05317919075144517,0.05175600739371533,0.03339306075908133,0.05077574047954858,-0.008840667068515162,0.0,0.005235602094240788,-0.01157407407407407,-0.021181716833890696
2022-10-05,-0.007444168734491274,-0.03732162458836441,0.007029876977152849,-0.015447667087011396,0.02684563758389258,-0.0010135819987836525,-0.0010204081632653184,-0.00520833333333337,-0.008196721311475419,-0.004555808656036442
2022-10-06,0.012499999999999956,0.012542759407069504,0.010471204188481575,0.012968299711815456,-0.02352941176470591,0.006087662337662447,0.003064351378958108,-0.007329842931937169,-0.011806375442739103,0.02517162471395884
2022-10-07,0.01728395061728394,0.006756756756756799,0.020725388601036343,0.06954322743796437,0.01338688085676032,0.0038321903993545625,-0.004073319755600768,0.0021097046413502962,-0.002389486260453988,-0.016741071428571397
2022-10-11,-0.03155339805825241,-0.01118568232662187,-0.025380710659898442,-0.07300132998374464,-0.026420079260237816,-0.03857745629897524,-0.026584867075664653,-0.025263157894736876,-0.049101796407185594,-0.014755959137343955
2022-10-12,0.012531328320801949,0.007918552036199067,0.00694444444444442,0.010043041606886627,0.013568521031207537,-0.019644723092998917,-0.010504201680672232,-0.016198704103671746,-0.057934508816120944,-0.056451612903225756
2022-10-13,-0.012376237623762387,-0.019079685746352437,-0.010344827586206917,-0.03819444444444442,0.004016064257028162,-0.04220848433169899,-0.05838641188959659,-0.00658616904500553,-0.06149732620320858,-0.04761904761904767
2022-10-14,0.032581453634085156,0.017162471395880896,0.019163763066202044,0.030850016409583292,0.02533333333333343,-0.016470064544847562,-0.01014656144306647,-0.009944751381215422,0.015669515669515688,0.016666666666666607
2022-10-17,-0.036407766990291246,-0.0022497187851518996,-0.011965811965811923,-0.015600127347978332,-0.0039011703511053764,0.016745870106358973,-0.0432801822323462,-0.015625,-0.032258064516129004,-0.017654476670870167
2022-10-18,0.032745591939546514,0.02029312288613294,0.006920415224913601,0.010025873221215953,0.02872062663185382,0.02425995993768093,-0.025000000000000022,0.009070294784580435,0.01449275362318847,0.03209242618741981
2022-10-19,-0.0024390243902439046,-0.0055248618784530246,0.010309278350515427,-0.02433557476785142,0.002538071065989911,0.0010864841373317002,-0.020757020757020794,-0.011235955056179803,0.0,0.05721393034825861
2022-10-20,0.014669926650366705,0.020000000000000018,-0.006802721088435382,-0.023465703971119134,-0.008860759493670933,-0.05469937052311702,-0.04862842892768082,-0.026136363636363624,-0.02571428571428569,-0.04470588235294115
2022-10-21,-0.026506024096385583,-0.015250544662309351,-0.015410958904109595,-0.009074105192404591,-0.008939974457215838,-0.004592422502870286,-0.03014416775884665,0.007001166861143604,-0.016129032258064502,-0.014778325123152691
2022-10-24,0.0,-0.00553097345132747,-0.00521739130434784,0.027302017975241677,-0.02577319587628868,0.005767012687427853,0.0013513513513514486,0.012746234067207318,0.017883755588673722,0.02499999999999991
2022-10-25,0.022277227722772297,-0.015572858731924377,-0.012237762237762184,-0.01485638824694624,0.0092592592592593,0.014678899082568808,-0.03238866396761131,0.004576659038901587,0.007320644216691097,-0.013414634146341475
2022-10-26,-0.004842615012106588,-0.001129943502824804,-0.005309734513274322,-0.017928954423592547,0.02752293577981657,0.011301989150090508,-0.001394700139469962,0.006833712984054774,0.0043604651162789665,0.0049443757725586845
2022-10-27,0.024330900243308973,0.014705882352941124,0.04804270462633453,0.03975430813854297,0.04846938775510212,0.005364327223960741,0.029329608938547524,0.0237556561085972,0.01736613603473236,0.02829028290282909
2022-10-28,0.0,0.018952062430323213,0.02376910016977929,-0.0088611749261569,0.006082725060827299,-0.0020008892841262282,-0.004070556309362261,-0.016574585635359074,0.011379800853485111,-0.011961722488038284
2022-10-31,0.016627078384798155,-0.043763676148796504,0.00995024875621886,-0.00298013245033113,-0.00241837968561065,-0.022053909556694173,-0.021798365122615793,-0.004494382022471877,-0.012658227848101222,-0.006053268765133124
2022-11-01,0.01869158878504673,0.009153318077803174,0.003284072249589487,0.017934241115908245,0.00121212121212122,0.030296127562642328,0.013927576601671321,0.02483069977426644,0.02564102564102555,0.013398294762484664
2022-11-02,0.002293577981651307,0.015873015873015817,0.004909983633387904,-0.008809135399673762,-0.002421307506053294,-0.016360822462967106,-0.016483516483516536,0.012114537444933848,0.0,-0.006009615384615419
2022-11-03,0.004576659038901587,-0.006696428571428603,0.0,-0.019091507570770272,-0.008495145631068013,-0.003371544167228624,-0.03212290502793291,0.0010881392818280489,-0.002777777777777768,-0.006045949214026569
2022-11-04,-0.006833712984054663,0.008988764044943753,0.014657980456026065,0.004362416107382527,-0.002447980416156681,-0.009923319801533603,-0.02020202020202022,-0.017391304347826098,0.04178272980501396,-0.007299270072992692
2022-11-07,0.0183486238532109,-0.010022271714922093,0.024077046548956593,0.00601403274306711,0.0012269938650306678,0.023462414578587776,0.0,0.009955752212389424,-0.016042780748663055,0.03431372549019618
2022-11-08,0.009009009009008917,0.0022497187851517886,0.004702194357366851,0.023746263699767622,-0.001225490196078427,-0.006454484754061851,0.013254786450662692,0.00766703176341732,-0.012228260869565188,-0.0011848341232227888
2022-11-09,-0.0022321428571429047,0.0033670033670034627,-0.015600624024960985,-0.01151662611516624,0.01104294478527601,0.0022401433691756623,0.02761627906976738,0.018478260869565277,0.017881705639614776,0.01067615658362997
2022-11-10,-0.015659955257270708,-0.020134228187919434,-0.02535657686212356,-0.0014768624876928538,-0.015776699029126262,0.005364327223960741,0.0028288543140029265,0.002134471718249653,-0.024324324324324298,0.021126760563380254
2022-11-11,0.031818181818181746,0.028538812785388057,0.004878048780487809,0.056039441248972865,0.020961775585696563,0.0417963539350823,0.031029619181946355,0.03620873269435565,0.06371191135734078,0.05057471264367819
2022-11-14,-0.022026431718061623,0.005549389567147678,0.009708737864077666,-0.01680672268907568,-0.0036231884057971175,-0.0053350405463081785,0.039671682626539084,0.0,-0.01041666666666663,-0.012035010940919078
2022-11-15,-0.013513513513513487,-0.0033112582781457123,-0.012820512820512775,0.04115226337448563,-0.0072727272727273196,-0.012658227848101222,-0.0026315789473684292,0.005138746145940454,0.002631578947368318,0.012181616832779518
2022-11-16,0.004566210045662045,0.007751937984496138,0.009740259740259827,-0.013681970203709315,0.019536019536019467,0.0021729682746631784,0.005277044854881341,0.015337423312883347,0.005249343832020914,0.00875273522975939
2022-11-17,-0.015909090909090873,-0.029670329670329676,-0.003215434083601254,-0.01649198520345252,-0.017964071856287456,-0.002168256721595818,-0.007874015748031482,-0.0030211480362537513,0.0026109660574411553,-0.022776572668112838
2022-11-18,-0.025404157043879882,-0.010192525481313663,0.014516129032257963,-0.007052186177715081,0.009756097560975618,-0.006518904823989535,0.002645502645502562,-0.010101010101010055,0.00390625,-0.002219755826859071
2022-11-21,-0.011848341232227444,-0.006864988558352381,0.020667726550079424,-0.00694444444444442,0.013285024154589431,-0.004155730533683344,-0.0079155672823219,-0.0010204081632653184,-0.0012970168612191912,0.010011123470522909
2022-11-22,-0.011990407673860948,-0.017281105990783363,-0.009345794392523366,-0.003019707565162122,0.008343265792610355,-0.016253019986821826,0.007978723404255428,-0.002042900919305368,0.006493506493506551,0.009911894273127775
2022-11-23,-0.004854368932038833,0.009378663540445586,0.018867924528301883,0.022955523672883782,-0.0011820330969266601,0.0022326412145567964,0.003957783641160839,0.0122824974411464,-0.015483870967741953,-0.014176663031624903
2022-11-24,0.014634146341463428,-0.010452961672473893,-0.010802469135802517,0.019479507558048947,0.026035502958579926,-0.004455335263978566,0.009198423127463773,0.010111223458038499,0.002621231979030192,0.017699115044247815
2022-11-25,0.009615384615384581,0.0046948356807512415,0.009360374414976613,0.013604402323448506,-0.0011534025374856371,0.018796151264264926,0.01041666666666674,0.011011011011011096,-0.0039215686274509665,-0.0010869565217391797
2022-11-28,0.0023809523809523725,-0.029205607476635476,-0.0030911901081916993,-0.022771829286683754,-0.03348729792147809,-0.015154842960685255,0.005154639175257714,-0.007920792079207928,-0.002624671916010457,0.008705114254624613
2022-11-29,0.02375296912114022,0.012033694344163681,0.0046511627906977715,0.030246913580247003,0.045400238948626104,0.012042818911685904,0.007692307692307665,-0.0119760479041916,-0.006578947368421018,-0.009708737864077666
2022-11-30,0.016241299303944245,0.0047562425683709275,-0.00462962962962965,-0.0011983223487117556,0.01828571428571424,0.020713970912296098,-0.0025445292620864812,0.0010101010101009056,0.0013245033112583293,-0.0032679738562091387
2022-12-01,-0.006849315068493178,-0.0011834319526626835,0.007751937984496138,0.01739652069586084,0.032547699214365844,0.020293609671848012,0.014030612244897878,0.013118062563067578,0.005291005291005346,-0.007650273224043769
2022-12-02,-0.029885057471264354,-0.005924170616113722,-0.021538461538461506,0.007959905660377409,-0.009782608695652173,-0.018831993228946242,-0.012578616352201255,-0.0019920318725099584,-0.003947368421052588,-0.009911894273127775
2022-12-05,0.0,0.014302741358760418,0.009433962264151052,0.030125767768353295,0.001097694840834329,0.07979296959240889,0.006369426751592355,0.0059880239520957446,0.003963011889035695,0.0022246941045607205
2022-12-06,-0.007109004739336511,0.008225616921269108,0.007788161993769416,-0.017887563884156688,-0.005482456140350922,0.013780707010185633,-0.0025316455696202667,-0.011904761904761862,0.0,-0.008879023307436174
2022-12-07,-0.026252983293556076,0.05477855477855487,-0.012364760432766575,-0.002457357617808631,-0.027563395810363822,0.0,0.013959390862944066,0.002008032128514081,0.002631578947368318,0.0
2022-12-08,0.0,-0.02541436464088398,-0.009389671361502372,-0.01188233589334875,0.015873015873015817,-0.013593380614657202,0.003754693366708306,-0.0010020040080159776,-0.002624671916010457,-0.007838745800671898
2022-12-09,-0.002450980392156854,0.02154195011337867,0.00789889415481837,0.02243730752309725,0.036830357142857206,0.025564210105851748,-0.0012468827930174342,-0.004012036108325012,0.0,-0.009029345372460473
2022-12-12,-0.009828009828009798,0.017758046614872347,0.01724137931034475,-0.010183591508892698,0.016146393972013007,-0.0056475170399220564,0.011235955056179803,-0.009063444108761365,-0.0052631578947368585,0.007972665148063829
2022-12-13,0.00496277915632759,-0.004362050163576936,-0.006163328197226536,0.0013041588175626284,-0.018008474576271194,-0.0019584802193497453,-0.011111111111111072,0.00203252032520318,0.005291005291005346,0.0
2022-12-14,0.014814814814814836,-0.014238773274917849,0.013953488372093092,0.02329956584659909,-0.004314994606256728,0.005886970172684469,0.03995006242197263,0.012170385395537497,0.015789473684210575,-0.00790960451977396
2022-12-15,-0.012165450121654486,-0.02444444444444449,-0.004587155963302725,-0.036769905246782586,-0.034669555796316365,0.0,-0.00600240096038418,0.006012024048096087,-0.0090673575129534,-0.011389521640091105
2022-12-16,0.0024630541871921707,0.007972665148063829,-0.003072196620583667,-0.018499486125385434,0.004489337822671136,0.038431525555989055,-0.019323671497584516,0.009960159362549792,-0.016993464052287632,0.0
2022-12-19,-0.002457002457002422,-0.006779661016949157,0.0015408320493066618,0.009424083769633551,-0.004469273743016755,-0.016719894796167534,-0.0049261083743842304,0.01183431952662728,-0.0026595744680850686,0.0
2022-12-20,-0.012315270935960632,-0.004550625711035261,-0.012307692307692353,-0.016004742145821038,0.001122334455667895,0.0038211692777989636,-0.013613861386138626,0.0,-0.0040000000000000036,-0.0011520737327188613
2022-12-21,-0.004987531172069848,-0.0022857142857143353,0.012461059190031154,0.005421686746987842,0.015695067264573925,0.009326227636086815,0.020075282308657405,0.01949317738791434,-0.004016064257028162,0.0
2022-12-22,0.007518796992481258,0.030927835051546282,0.0015384615384614886,0.03624925104853216,0.0,0.026211578351876375,0.03075030750307506,-0.005736137667303964,0.008064516129032251,0.0023068050749712743
2022-12-23,-0.01243781094527363,-0.012222222222222245,-0.006144393241167445,-0.020670714079213615,-0.014348785871964642,-0.007350238882763649,0.0011933174224343368,0.017307692307692246,0.0,-0.004602991944764101
2022-12-26,0.010075566750629816,0.006749156355455588,-0.01391035548686248,0.010627306273062631,-0.0011198208286674616,-0.007219548315438695,-0.0011918951132300348,0.02457466918714557,-0.010666666666666713,0.0011560693641619046
2022-12-27,0.009975062344139696,0.016759776536312776,-0.0015673981191222097,0.04454505622900551,0.015695067264573925,-0.024053701286593343,0.007159904534606243,-0.005535055350553542,0.030997304582210283,0.002309468822170979
2022-12-28,-0.029629629629629672,0.01978021978021971,-0.05651491365777084,0.019155480984339945,-0.06953642384105962,0.0019105846388995928,-0.05213270142180093,-0.007421150278293154,-0.019607843137254943,-0.005760368663594417
2022-12-29,-0.03816793893129766,-0.0193965517241379,-0.04991680532445919,-0.03004527370009602,-0.0023724792408066353,0.03775743707093815,-0.0024999999999999467,0.0037383177570093906,-0.028000000000000025,-0.010428736964078755
2023-01-02,-0.021164021164021163,0.001098901098901095,-0.012259194395796813,-0.046534653465346576,-0.029726516052318686,-0.020029400955531074,0.006265664160401085,0.005586592178770999,0.03292181069958855,0.0187353629976581
2023-01-03,-0.00540540540540535,0.015367727771679496,-0.01773049645390068,0.005340453938584844,0.022058823529411686,0.01856366022876421,-0.028642590286425906,-0.007407407407407418,0.015936254980079667,0.008045977011494232
2023-01-04,0.024456521739130377,0.0,-0.014440433212996373,0.0,0.050359712230215736,-0.007363770250368162,0.007692307692307665,-0.013059701492537323,-0.0117647058823529,0.009122006841505215
2023-01-05,-0.0053050397877983935,0.015135135135135203,0.016483516483516425,0.010919285819684266,0.07191780821917804,0.007418397626112849,0.0330788804071247,0.011342155009451904,0.021164021164021163,0.031638418079096065
2023-01-06,-0.005333333333333301,0.0031948881789136685,0.009009009009008917,0.02525178806013728,0.03940362087326954,-0.007363770250368162,-0.008620689655172376,0.005607476635514086,0.022020725388601115,0.009857612267250904
2023-01-09,0.03753351206434319,0.03715498938428885,0.005357142857142838,0.014379271070614985,-0.0030737704918032405,0.012796735905044487,0.00496894409937898,0.0037174721189590088,0.005069708491761693,-0.0032537960954447387
2023-01-10,-0.02067183462532296,-0.004094165813715467,0.003552397868561208,-0.016701754385964884,0.01541623843782114,-0.0016480498077274808,-0.0024721878862793423,0.0,-0.0012610340479193294,-0.014145810663764968
2023-01-11,0.0,0.016443987667009274,0.0,0.010419640308307221,-0.03238866396761131,-0.016324284666177524,-0.0037174721189591198,-0.005555555555555536,-0.0037878787878787845,0.0066225165562914245
2023-01-12,0.005277044854881341,-0.009100101112234582,0.014159292035398341,-0.021895747987003777,0.006276150627614996,0.0035427932127540807,0.006218905472636926,-0.0018621973929237035,0.03802281368821303,0.010964912280701844
2023-01-13,0.013123359580052396,-0.005102040816326481,0.04363001745200701,0.009243212016175617,0.029106029106028997,0.00557413600891854,0.0012360939431397266,0.00746268656716409,0.006105006105006083,0.022776572668112838
2023-01-16,0.007772020725388629,0.01846153846153853,-0.015050167224080258,0.03520320549513456,0.06262626262626259,-0.003695491500369519,0.04938271604938271,0.0,0.00728155339805836,0.026511134676564074
2023-01-17,-0.0025706940874036244,-0.001007049345417954,0.032258064516129004,-0.03276195742327892,-0.0076045627376425395,-0.007232937685459961,-0.0023529411764705577,0.014814814814814836,-0.010843373493975905,-0.010330578512396715
2023-01-18,-0.010309278350515427,0.02822580645161299,-0.008223684210526327,0.009146777190224276,-0.021072796934865856,-0.005604334018307511,0.015330188679245182,-0.007299270072992692,0.023142509135200884,-0.01043841336116913
2023-01-19,0.005208333333333259,-0.004901960784313708,0.036484245439469376,0.01288769296133685,-0.005870841487279899,0.01859853466090544,-0.0011614401858304202,0.007352941176470562,-0.0035714285714285587,-0.008438818565400852
2023-01-20,0.005181347150259086,-0.014778325123152691,0.011200000000000099,0.006431767337807592,0.013779527559055094,0.0,-0.01744186046511631,-0.02372262773722633,-0.0011947431302270495,0.004255319148936065
2023-01-25,0.0036082474226803996,-0.03700000000000003,-0.0031645569620253333,0.0012503473186995517,0.01747572815533971,0.007192917742530502,0.0,0.0018691588785046953,0.004784688995215225,-0.0031779661016949623
2023-01-26,0.016435541859270764,0.0031152647975076775,0.0031746031746031633,0.006243929512973478,0.013358778625954137,0.0018311664530306082,-0.010650887573964485,0.005597014925373234,0.0,0.0
2023-01-27,0.03840323395654366,-0.0010351966873706209,0.011075949367088667,0.007584114726971958,-0.024482109227871973,-0.01261195393895087,-0.0071770334928229484,-0.005565862708719838,0.004761904761904745,-0.01062699256110522
2023-01-30,-0.027737226277372296,-0.011398963730569922,-0.021909233176838794,-0.01491720268235941,-0.01158301158301156,-0.021843761569788955,-0.01927710843373498,-0.013059701492537323,-0.017772511848341277,-0.01933404940923733
2023-01-31,-0.008508508508508483,-0.014675052410901501,-0.022399999999999975,0.0012503473186995517,-0.0478515625,-0.03747161241483721,0.002457002457002533,-0.011342155009451793,0.0012062726176116367,-0.017524644030668113
2023-02-01,0.012115093387178089,0.0031914893617022155,0.003273322422258529,0.010129041209934853,0.009230769230769154,0.013566653558788833,-0.006127450980392135,0.003824091778202643,-0.02168674698795181,-0.012263099219620988
2023-02-02,-0.010972568578553665,-0.008483563096500557,-0.013050570962479635,-0.0012362637362637319,-0.0315040650406504,0.034529582929194946,0.01602959309494456,0.01333333333333342,0.012315270935960632,0.02934537246049662
2023-02-03,0.011094301563288056,0.0064171122994651775,-0.0049586776859503745,-0.0075642965204235635,0.019937040923399874,0.009188074254640854,0.004854368932038833,0.0,-0.0024330900243308973,-0.006578947368421018
2023-02-06,-0.015461346633416473,-0.011689691817215686,-0.0016611295681062677,-0.012610864745011052,-0.015432098765432056,0.009290226681531122,-0.008454106280193274,-0.009398496240601517,-0.012195121951219523,0.0
2023-02-07,-0.009625126646403248,-0.009677419354838679,-0.008319467554076532,-0.002666666666666706,0.006269592476489061,-0.009204712812960203,-0.01461632155907433,-0.00189753320683117,0.009876543209876631,0.0066225165562914245
2023-02-08,0.025575447570332477,0.004343105320304019,0.003355704697986628,0.023219814241486114,0.015576323987538832,-0.009104422147900415,0.003708281829418958,-0.0038022813688213253,0.0,-0.005482456140350922
2023-02-09,-0.007980049875311757,-0.008648648648648671,0.0016722408026756952,0.003713381928208026,-0.021472392638036797,0.0037502343896493873,-0.006157635467980316,-0.01526717557251911,-0.017114914425427896,-0.0011025358324145973
2023-02-10,0.0005027652086475598,0.009814612868048078,0.0033388981636059967,-0.004932858317347244,0.020898641588296796,0.001868111339435874,-0.01115241635687736,0.015503875968992276,0.0024875621890547706,-0.002207505518763808
2023-02-13,-0.015075376884422065,-0.01943844492440605,0.04492512479201327,-0.01638667033874963,0.003070624360286489,-0.027782957300018674,-0.018796992481203034,0.001908396946564972,-0.002481389578163795,0.0022123893805310324
2023-02-14,0.010204081632652962,-0.01211453744493396,-0.02070063694267521,0.044799104017919644,-0.043877551020408134,0.001917913310318431,0.003831417624521105,-0.0019047619047618536,-0.006218905472636815,0.004415011037527616
2023-02-15,-0.05909090909090908,-0.012263099219620988,-0.006504065040650375,-0.011121532895618347,-0.05442902881536815,-0.01320826952526799,-0.008905852417302795,0.0,-0.005006257822277815,0.00439560439560438
2023-02-16,0.008051529790660261,0.003386004514672747,0.013093289689034338,-0.0024390243902439046,0.0022573363431150906,0.0019398642095054264,0.0,-0.011450381679389277,-0.005031446540880502,0.0
2023-02-17,-0.0037273695420659836,0.0,0.00646203554119551,0.007470795979353406,0.04054054054054057,-0.0058083252662148865,-0.0038510911424903815,-0.01158301158301156,0.0012642225031604948,0.003282275711159688
2023-02-20,0.00427578834847675,0.012373453318335281,-0.0160513643659711,-0.004988539840906081,-0.007575757575757569,-0.0017526777020447915,-0.010309278350515427,0.0,-0.016414141414141437,0.007633587786259444
2023-02-21,0.0,-0.00666666666666671,0.006525285481239873,-0.0012195121951219523,0.010905125408942284,-0.003901677721420249,-0.00520833333333337,-0.001953125,0.010269576379974277,0.010822510822510845
2023-02-22,-0.020223523150612044,-0.01342281879194629,-0.01620745542949753,-0.021028354361687707,-0.029126213592232997,-0.005875440658049347,-0.005235602094240788,-0.005870841487279899,0.0012706480304955914,-0.010706638115631661
2023-02-23,-0.00869092884302014,0.0045351473922903285,-0.009884678747940745,0.008869179600886845,0.004444444444444473,-0.0076832151300236795,-0.009210526315789447,0.009842519685039353,0.011421319796954377,0.0
2023-02-24,-0.011506849315068512,-0.013544018058690765,0.0,-0.006318681318681296,0.0022123893805310324,0.0,0.03718459495351922,0.00974658869395717,-0.0025094102885822034,0.0
2023-02-27,-0.01164079822616404,-0.008009153318077833,0.0033277870216306127,-0.025158971523361884,0.004415011037527616,0.001985308715505285,0.003841229193341844,0.0,0.008805031446540879,-0.00649350649350644
2023-02-28,0.0016825574873808868,0.0034602076124568004,-0.014925373134328401,0.02070334656834949,-0.00219780219780219,0.011690112938379293,0.007653061224489832,0.005791505791505891,0.014962593516209433,-0.0010893246187363426
2023-03-02,0.019596864501679745,0.0011494252873562871,0.0016835016835017313,-0.021672686857460377,-0.01541850220264318,-0.005875440658049347,0.0025316455696202667,-0.009596928982725572,0.0,-0.013086150490730697
2023-03-03,-0.0016474464579900872,0.00574052812858783,-0.01680672268907568,-0.010366373189434785,-0.015659955257270708,0.0,0.010101010101010166,0.0019379844961240345,-0.009828009828009798,-0.009944751381215422
2023-03-06,0.014301430143014215,-0.004566210045662156,0.00512820512820511,-0.015640694504233,-0.012499999999999956,0.0,-0.0050000000000000044,-0.011605415860735047,0.00496277915632759,-0.005580357142857095
2023-03-07,-0.018438177874186557,-0.004587155963302725,-0.00170068027210879,-0.0027696793002915943,0.008055235903337232,0.0,0.0,0.005870841487279899,0.006172839506172867,0.0033670033670034627
2023-03-08,-0.017127071823204387,-0.017281105990783363,-0.017035775127768327,-0.013302148808653658,-0.006849315068493178,-0.003940110323089052,-0.002512562814070307,0.0,-0.0012269938650306678,-0.003355704697986628
2023-03-09,-0.0202360876897133,-0.0011723329425556983,-0.005199306759098743,0.013481481481481428,-0.016091954022988464,0.0,-0.007556675062972307,-0.0077821011673151474,-0.011056511056511065,0.007856341189674598
2023-03-10,-0.011474469305794655,-0.018779342723004744,-0.015679442508710784,-0.021341909077620236,-0.012850467289719614,-0.003757911392405111,-0.022842639593908642,0.00588235294117645,0.0,0.00111358574610243
2023-03-13,0.002321532211259525,-0.015550239234449759,0.017699115044247815,-0.006721433905899965,0.010650887573964596,0.0037720865594599307,-0.0025974025974025983,-0.011695906432748537,-0.012422360248447228,-0.006674082313681828
2023-03-14,-0.029530978575564526,-0.03523693803159178,-0.02608695652173909,-0.03308270676691727,-0.03864168618266983,-0.023338607594936667,-0.01822916666666663,-0.018737672583826415,-0.018867924528301883,-0.011198208286674172
2023-03-15,-0.009546539379474916,-0.0012594458438287548,0.017857142857142794,0.008553654743390426,0.023142509135200884,0.0020251113811260435,0.013262599469495928,0.015075376884422065,0.00512820512820511,-0.016987542468856143
2023-03-16,-0.01867469879518069,-0.010088272383354302,-0.015789473684210575,-0.007093292212798752,-0.03214285714285714,-0.007073565076798682,-0.01308900523560208,-0.007920792079207928,0.005102040816326481,-0.009216589861751112
2023-03-17,0.012891344383057168,0.003821656050955413,0.005347593582887722,0.06103432209970494,0.01599015990159902,-0.0020354162426216016,-0.01326259946949604,0.0,0.011421319796954377,0.0034883720930232176
2023-03-20,-0.012727272727272698,0.021573604060913798,-0.007092198581560294,-0.015954332552693185,0.0,-0.019987762594329994,0.006720430107526987,0.0059880239520957446,-0.0012547051442910462,0.0034762456546928444
2023-03-21,0.02639656230816456,0.007453416149068248,0.008928571428571397,0.023055183697753945,0.018159806295399594,0.007075962539021763,0.006675567423231055,0.007936507936507908,0.011306532663316604,-0.0011547344110854896
2023-03-22,-0.011363636363636354,-0.0036991368680641123,0.0070796460176991705,-0.006687990694969503,-0.01189060642092743,0.013225873114279807,0.009283819628647105,-0.0019685039370078705,-0.00248447204968949,-0.0023121387283236983
2023-03-23,-0.012099213551119203,-0.013613861386138626,0.0017574692442883233,0.004098360655737654,0.00962695547533099,-0.004894962267999237,-0.015768725361366642,-0.0039447731755424265,-0.008717310087173136,-0.011587485515643148
2023-03-24,0.01163502755664414,0.0,-0.0017543859649122862,0.017201166180758065,-0.038140643623361115,-0.006148800983808211,-0.008010680907877155,-0.003960396039603964,-0.011306532663316604,0.00703399765533419
2023-03-27,-0.001815980629539915,-0.005018820577164407,-0.0035149384885764245,-0.027371739753511037,-0.006195786864931829,0.03464631882862457,-0.025572005383580065,-0.010934393638170947,-0.03557814485387545,-0.024447031431897526
2023-03-28,0.0072771376591873604,0.003783102143757988,0.01763668430335108,0.018712243995874456,0.016209476309226867,0.003986446083316775,0.008287292817679592,0.0,-0.02371541501976282,0.038186157517899666
2023-03-29,-0.0024081878386513766,0.00628140703517599,0.0017331022530329143,0.0,-0.007361963190184007,-0.0119118522930316,-0.004109589041095929,-0.0030150753768843908,-0.012145748987854255,0.0034482758620688614
2023-03-30,0.042848521424260655,0.019975031210986316,0.0,0.007954874168354165,-0.003708281829419069,-0.005826803295157723,0.011004126547455195,-0.006048387096774244,-0.001366120218579181,0.0034364261168384758
2023-03-31,-0.0017361111111111605,0.00244798041615657,0.00519031141868509,0.01449275362318847,0.00992555831265518,-0.00404203718674212,0.004081632653061273,0.013184584178498993,0.023255813953488413,0.017123287671232834
2023-04-03,-0.004057971014492789,0.0024420024420024333,0.012048192771084265,-0.0025459688826025006,-0.002457002457002422,-0.016030844155844104,0.0,-0.00700700700700696,-0.005347593582887722,-0.002244668911335568
2023-04-04,0.01571594877764837,0.0,0.008503401360544283,-0.006522972206466249,0.014778325123152802,-0.0020622808826562533,0.005420054200542035,0.012096774193548487,0.0,0.006749156355455588
2023-04-05,-0.005157593123209181,-0.0073081607795371095,-0.00843170320404718,0.012988866685697875,0.0,0.0,-0.0040431266846361336,0.003984063745019917,0.0,-0.015642458100558643
2023-04-06,-0.026497695852534586,-0.009815950920245453,-0.015306122448979553,-0.02184021417500348,-0.020631067961165095,0.0061996280223186595,-0.017591339648173165,0.0,0.005376344086021501,-0.017026106696935273
2023-04-07,0.012426035502958621,-0.008674101610904539,-0.01727115716753025,0.017142033995966477,0.011152416356877248,0.005956048469911712,0.005509641873278293,-0.001984126984126977,-0.014705882352941124,-0.009237875288683584
2023-04-10,0.0011689070718878813,-0.0024999999999999467,0.0017574692442883233,-0.009063871972808335,-0.008578431372548989,-0.0100040832993058,-0.012328767123287676,-0.008946322067594381,-0.03392130257801895,-0.009324009324009341
2023-04-11,0.005253940455341555,0.018796992481203034,0.02280701754385972,0.013005573817350236,0.014833127317676054,0.016292018972984046,0.00277392510402219,0.0010030090270811698,-0.0070224719101124045,0.009411764705882453
2023-04-12,0.023809523809523725,0.017220172201722006,0.00857632933104635,0.005220090293453827,0.010962241169305775,0.008116883116883189,0.008298755186721962,0.002004008016031955,0.00990099009900991,0.02564102564102555
2023-04-13,-0.02041973908111172,-0.00725513905683195,0.00340136054421758,0.024280701754386014,-0.01807228915662651,-0.010064412238325326,0.0,0.006000000000000005,0.009803921568627416,-0.002272727272727315
2023-04-14,0.011580775911986141,0.01705237515225333,0.016949152542372836,-0.012469169635516586,0.03558282208588959,0.004066693777958541,0.009602194787379892,0.015904572564612307,0.0,0.007972665148063829
2023-04-17,-0.026903262736119093,-0.009580838323353325,0.006666666666666599,0.0024975718051893914,-0.016587677725118488,-0.0010125556905630217,-0.013586956521739135,0.00391389432485334,-0.001386962552011095,-0.01016949152542368
2023-04-18,0.0,0.007255139056831839,-0.008278145695364225,0.018961937716262867,0.012048192771084265,0.007095073991485901,0.019283746556473913,-0.003898635477582846,0.004166666666666652,0.0
2023-04-19,0.002941176470588225,-0.0036014405762304635,-0.0016694490818029983,-0.009915783754414598,0.004761904761904745,-0.004025764895330131,-0.0013513513513513375,-0.009784735812133127,-0.011065006915629283,-0.013698630136986356
2023-04-20,-0.013489736070381286,-0.004819277108433773,0.0033444816053511683,-0.008780353958018905,0.0082938388625593,-0.0030315278900565623,0.0027063599458727605,0.0039525691699604515,-0.002797202797202747,0.01041666666666674
2023-04-21,-0.007728894173602896,-0.010895883777239712,0.0,-0.016470588235294126,-0.009400705052878933,-0.005067909993918485,-0.009446693657219951,0.0019685039370078705,0.0028050490883591017,0.0068728522336769515
2023-04-24,-0.010185739964050367,-0.011015911872705009,0.0016666666666667052,-0.011539544047283967,-0.013048635824436494,-0.007946210268948706,-0.006811989100817484,-0.02062868369351667,-0.013986013986013957,0.007963594994311762
2023-04-25,-0.012711864406779627,-0.004950495049504955,-0.011647254575707144,-0.010392938496583182,0.012019230769230838,0.0,-0.00137174211248281,0.013039117352056095,-0.0014184397163120588,0.0011286681715576563
2023-04-26,0.0018393623543837556,0.00995024875621886,-0.011784511784511786,-0.014386419220256075,-0.001187648456057011,0.004107619634421855,-0.008241758241758212,0.00990099009900991,-0.0042613636363636465,0.0022547914317925244
2023-04-27,-0.009179926560587526,-0.017241379310344862,0.0034071550255536653,-0.010801342869654063,-0.009512485136741966,-0.009204336265084878,-0.0041551246537395725,0.0019607843137254832,-0.024251069900142697,-0.004499437570303688
2023-04-28,0.0037059913526868993,0.0,0.005093378607809784,-0.0026560424966799445,0.007202881152460927,0.005161023947151122,0.0027816411682892728,0.011741682974559797,0.005847953216374213,0.009039548022598876
2023-05-02,0.017846153846153845,0.011278195488721776,0.010135135135135087,0.02840656901908556,0.010727056019070424,0.004929143561306137,0.00554785020804438,0.01740812379110257,0.0,0.0033594624860022737
2023-05-03,-0.009068923821039854,-0.009913258983890949,-0.00836120401337792,0.0,-0.02004716981132071,0.002043735949315284,0.0027586206896552667,0.005703422053231932,0.0,0.0033482142857141906
2023-05-04,0.0012202562538132788,-0.003754693366708417,-0.02360876897133224,-0.009207308300963946,0.001203369434416457,0.027330205996328738,0.009628610729023324,0.0,0.005813953488372103,0.0
2023-05-08,0.01706276660572814,0.021356783919598055,0.017271157167530138,0.013213300421083263,0.016826923076923128,-0.013698630136986356,0.01089918256130784,-0.001890359168241984,0.00867052023121384,0.0011123470522802492
2023-05-09,0.004793289394847244,0.007380073800737907,0.005093378607809784,0.01705359701920317,-0.0023640661938534313,0.0018115942028984477,0.0121293800539084,0.02083333333333326,0.0,0.0
2023-05-10,-0.004174120453190211,-0.013431013431013383,0.0,0.0,-0.03199052132701419,0.0,0.0,-0.0018552875695733162,0.004297994269341077,0.0022222222222221255
2023-05-11,-0.004191616766467066,-0.006188118811881194,-0.0050675675675675436,0.016767648302099536,0.025703794369644983,0.014064697609001309,0.010652463382157196,0.0037174721189590088,0.009985734664764712,0.014412416851441234
2023-05-12,-0.009621166566446182,0.027397260273972712,-0.01697792869269954,0.0012472283813746987,-0.019093078758949833,0.003764612641173004,-0.0013175230566534468,-0.007407407407407418,0.0,0.0
2023-05-15,0.004857316332726125,-0.015757575757575748,0.003454231433505983,-0.026574394463667828,0.0012165450121655041,-0.005724437425977058,0.01055408970976246,0.005597014925373234,0.01412429378531077,0.012021857923497192
2023-05-16,-0.014501510574018162,0.003694581280788256,-0.012048192771084376,-0.0012796815014929352,0.007290400972053357,0.007742703990470501,0.016971279373368064,0.01298701298701288,0.0,0.0
2023-05-17,0.006131207847946074,-0.004907975460122671,-0.0017421602787456303,-0.0038439635535307826,-0.004825090470446325,-0.0076832151300236795,-0.006418485237484006,0.0,-0.00974930362116988,-0.008639308855291628
2023-05-18,0.017672151127361424,0.013563501849568338,0.00698080279232105,-0.011862226668572284,0.014545454545454639,0.007742703990470501,0.0012919896640826156,0.0,-0.007032348804500654,0.009803921568627416
2023-05-19,0.008383233532934131,0.0012165450121655041,0.005199306759098743,0.018513161700896674,0.005973715651135025,0.005910165484633634,-0.003870967741935516,0.005494505494505475,-0.0028328611898017497,-0.007551240560949246
2023-05-22,0.02494061757719712,-0.0012150668286755595,0.024137931034482696,0.010366373189434785,-0.004750593824228044,0.0,0.011658031088082943,0.005464480874316946,0.011363636363636465,0.0010869565217390686
2023-05-23,-0.004055619930475096,0.0024330900243310083,0.0016835016835017313,0.0026704146170062337,-0.0023866348448687846,-0.009792401096748948,-0.005121638924455829,0.005434782608695565,0.001404494382022392,0.0032573289902280145
2023-05-24,0.0005817335660267542,-0.012135922330097082,0.003361344537815114,-0.012895991028875842,-0.0035885167464114742,0.007911392405063333,0.0,-0.00540540540540535,0.0028050490883591017,0.0010822510822510178
2023-05-25,-0.01279069767441865,-0.009828009828009798,-0.0016750418760469454,-0.014200511218403822,-0.014405762304921965,0.005886970172684469,0.0012870012870012104,-0.0036231884057971175,-0.0013986013986013734,0.020540540540540553
2023-05-26,0.0176678445229681,-0.007444168734491274,-0.01342281879194629,-0.010515701526937482,-0.0073081607795371095,0.0,-0.005141388174807249,0.01090909090909098,-0.0028011204481792618,0.006355932203389925
2023-05-30,-0.0005787037037037202,-0.008750000000000036,-0.018707482993197244,0.026641432522929165,0.012269938650306678,0.011509949278189602,0.011627906976744207,-0.017985611510791366,0.00983146067415741,-0.012631578947368438
2023-05-31,-0.028372900984365956,0.008827238335435084,-0.010398613518197597,-0.01432217810550196,0.00484848484848488,-0.022950819672131195,0.0,0.01098901098901095,0.004172461752433909,-0.007462686567164201
2023-06-01,0.0017878426698449967,0.00374999999999992,0.005253940455341555,0.009207308300963835,-0.010856453558504175,0.005921831819976298,0.0063856960408683605,0.010869565217391353,0.020775623268697974,-0.002148227712137518
2023-06-02,0.008923259964306984,-0.00249066002490661,0.019163763066202044,0.0,0.01585365853658538,-0.003924646781789609,-0.0012690355329949554,-0.0017921146953404632,-0.008141112618724522,0.01829924650161474
2023-06-05,0.001179245283018826,0.008739076154806513,0.017094017094017033,0.01040627227369928,0.007202881152460927,0.005910165484633634,0.010165184243964509,0.0035906642728904536,0.019151846785225635,0.010570824524312794
2023-06-07,0.029446407538280317,-0.006188118811881194,0.010084033613445342,0.0025395033860045046,-0.0011918951132300348,0.0,0.0012578616352201255,0.0,-0.004026845637583931,0.009414225941422494
2023-06-08,-0.02345537757437066,0.00498132004981322,0.0016638935108153063,0.01674641148325362,-0.009546539379474916,-0.0039169604386996015,0.007537688442211143,-0.007155635062611854,0.005390835579514919,0.006217616580310947
2023-06-09,0.014059753954305698,0.006195786864931829,-0.0016611295681062677,-0.001245674740484426,0.01686746987951815,0.007864726700747227,-0.0024937655860348684,0.0018018018018017834,0.0,-0.002059732234809486
2023-06-12,-0.012131715771230511,-0.012315270935960632,0.0,-0.0177383592017738,-0.011848341232227444,0.001755754974639201,0.0012499999999999734,0.003597122302158251,0.00536193029490617,-0.0010319917440660964
2023-06-13,-0.0017543859649122862,0.0024937655860348684,-0.011647254575707144,-0.01283860045146723,-0.016786570743405282,0.0,-0.0074906367041198685,-0.005376344086021501,0.002666666666666595,-0.004132231404958664
2023-06-14,-0.012302284710017597,-0.0024875621890547706,0.005050505050504972,-0.00128626554237532,0.0012195121951219523,-0.011489776046738065,-0.005031446540880502,0.003603603603603567,-0.02393617021276595,-0.010373443983402453
2023-06-15,-0.008303677342823224,-0.004987531172069848,-0.01005025125628145,-0.023611906124785365,-0.0036540803897685548,-0.015563435776201784,-0.020227560050568916,-0.010771992818671472,-0.013623978201634857,-0.008385744234800874
2023-06-16,-0.0071770334928229484,-0.010025062656641603,0.0372250423011844,-0.00395720357613949,-0.0012224938875305957,0.021813087852711632,0.006451612903225712,-0.003629764065335772,0.006906077348066253,0.003171247357293794
2023-06-19,-0.008433734939759074,-0.0025316455696202667,0.034257748776509,0.014714537963507857,-0.002447980416156681,-0.007833920877399092,-0.002564102564102555,0.0036429872495447047,0.0,-0.0021074815595363283
2023-06-20,-0.006682867557715633,-0.0076142131979695105,-0.007886435331230235,-0.006525522041763376,-0.006134969325153339,0.013620213185945529,0.006426735218509005,-0.014519056261342977,0.005486968449931462,-0.006335797254487852
2023-06-21,-0.014067278287461793,-0.039641943734015306,0.009538950715421324,-0.006714348270325465,-0.00987654320987652,-0.0075949367088608,-0.008939974457215838,0.0018416206261511192,-0.0027285129604365244,0.0
2023-06-22,-0.001240694789081842,-0.005326231691078598,-0.0031496062992125706,0.0,0.012468827930174564,0.005886970172684469,-0.0012886597938144284,-0.0018382352941176405,-0.008207934336525335,0.0
2023-06-23,-0.017391304347826098,-0.032128514056224855,-0.01579778830963663,-0.020132255694342405,-0.016009852216748777,-0.003901677721420249,-0.021935483870967776,-0.0055248618784530246,0.0055172413793103114,-0.0031880977683315104
2023-06-26,-0.041719342604298326,-0.015214384508990264,0.0032102728731941976,0.010947810437912375,-0.007509386733416723,-0.009792401096748948,-0.006596306068601621,0.014814814814814836,-0.004115226337448541,0.00746268656716409
2023-06-27,0.02308707124010545,0.00561797752808979,0.0016000000000000458,-0.001335113484646211,0.0050441361916770955,0.003955696202531556,0.01195219123505975,0.0,0.005509641873278293,0.006349206349206327
2023-06-28,-0.012894906511927817,-0.006983240223463638,-0.02396166134185307,-0.002673796791443861,0.010037641154328814,0.01162332545311262,-0.003937007874015741,0.005474452554744547,0.0,-0.003154574132492094
2023-06-29,-0.03135205747877201,-0.029535864978902926,-0.02454991816693941,-0.012362228179922496,-0.03602484472049694,-0.019084712755598865,-0.03820816864295129,0.003629764065335772,-0.03698630136986303,0.006329113924050667
2023-06-30,0.0026972353337828547,-0.005797101449275366,0.005033557046979942,0.026240386065450094,0.010309278350515427,0.001985308715505285,0.00136986301369868,0.00723327305605781,-0.01849217638691325,0.0
2023-07-03,0.00672494956287828,0.017492711370262315,0.0016694490818029983,-0.0026451138868479607,0.025510204081632626,-0.00792550029720629,0.0,0.008976660682226134,-0.0028985507246376274,0.003144654088050425
2023-07-04,-0.013360053440213737,-0.04011461318051579,-0.013333333333333308,0.0752909974952114,-0.016169154228855676,-0.014779308967445615,0.013679890560875485,0.003558718861210064,-0.014534883720930258,0.0031347962382444194
2023-07-05,-0.003385240352065,0.0029850746268655914,-0.010135135135135087,0.03137845985201415,-0.012642225031605614,-0.008108655990269664,-0.01619433198380571,0.0017730496453900457,-0.008849557522123908,-0.006249999999999978
2023-07-06,-0.025135869565217406,-0.005952380952380931,-0.0017064846416382506,-0.011026969576192425,-0.02688860435339313,0.009196811771919,-0.00137174211248281,-0.001769911504424737,-0.019345238095238138,-0.0031446540880503138
2023-07-07,-0.022996515679442497,-0.014970059880239472,-0.011965811965811923,-0.030628694250403043,-0.007894736842105288,0.015998379910895144,-0.0013736263736263687,-0.0035460992907800915,-0.004552352048558417,0.006309148264984188
2023-07-10,0.02068473609129806,0.019756838905775176,0.03287197231833905,0.010116407982261544,0.006631299734747964,-0.011760015945784352,-0.016506189821182904,-0.005338078291814985,-0.013719512195121908,-0.005224660397074143
2023-07-11,0.013976240391334827,0.014903129657227954,-0.00670016750418756,-0.005076142131979711,0.013175230566534912,-0.018959257765227888,0.0013986013986013734,-0.0017889087656529634,-0.004636785162287493,-0.0010504201680672232
2023-07-12,0.020675396278428737,0.01615271659324513,0.006745362563237878,-0.002482073910645366,0.0013003901170351995,0.009046052631578982,0.013966480446927276,0.0017921146953405742,0.009316770186335477,0.001051524710830698
2023-07-13,-0.004051316677920358,0.0,-0.00335008375209378,0.013961846834393166,-0.009090909090909038,0.008149959250203676,0.01377410468319562,0.008944543828264706,0.04615384615384621,0.01680672268907557
2023-07-14,0.012881355932203409,0.013005780346820872,0.026890756302520913,-0.006271301976823462,0.030144167758846763,0.005860953920776124,0.010869565217391353,-0.01773049645390068,-0.020588235294117685,0.0010330578512396382
2023-07-17,-0.00870147255689424,0.004279600570613384,-0.019639934533551506,0.0050761421319796,-0.006361323155216314,-0.005826803295157723,-0.016129032258064502,0.016245487364620947,-0.007507507507507505,-0.0010319917440660964
2023-07-18,-0.0033760972316002613,-0.008522727272727293,-0.013355592654423987,0.002457002457002533,-0.001280409731113985,-0.00808407437348424,-0.008196721311475419,-0.001776198934280604,-0.016641452344931973,-0.009297520661157077
2023-07-19,-0.004065040650406471,0.004297994269341077,0.0050761421319796,-0.0050381263616557925,-0.0064102564102563875,-0.005908720456397676,0.0013774104683195176,-0.007117437722419906,0.0,-0.004171011470281538
2023-07-20,0.0054421768707482165,0.007132667617689048,-0.006734006734006703,0.0012316956343232377,0.005161290322580614,-0.0010248001639679982,-0.0027510316368638543,-0.0017921146953404632,0.0,0.003141361256544517
2023-07-21,0.0027063599458727605,-0.0028328611898017497,0.016949152542372836,0.027474029524330312,0.005134788189987249,0.0,0.006896551724137945,0.010771992818671361,0.0,0.0010438413361169019
2023-07-24,0.0,-0.009943181818181768,-0.008333333333333304,-0.04243714247705199,-0.016602809706257937,-0.002051702913418163,-0.00136986301369868,-0.007104795737122527,-0.01538461538461533,-0.010427528675703845
2023-07-25,0.0006747638326585204,-0.0057388809182209455,0.04201680672268915,-0.02292303417616004,0.0012987012987013546,-0.010279605263157854,-0.002743484224965731,0.0,-0.012499999999999956,-0.0021074815595363283
2023-07-26,-0.014160485502360043,-0.025974025974025983,-0.014516129032258074,-0.025878003696857665,0.02204928664072625,-0.017449106771915246,-0.00687757909215958,-0.0017889087656529634,-0.0031645569620253333,-0.0031678986272439813
2023-07-27,0.015047879616963078,0.04296296296296287,-0.00327332242225864,0.03590716683695816,0.045685279187817285,-0.01564482029598313,-0.015235457063711877,-0.01971326164874554,-0.00952380952380949,-0.006355932203389814
2023-07-28,0.015498652291105142,-0.017045454545454586,0.014778325123152802,0.03353529660419885,-0.036407766990291246,-0.013745704467353903,-0.002812939521800284,-0.009140767824497242,0.0064102564102563875,-0.013859275053304865
2023-07-31,0.013934970139349634,0.011560693641618602,-0.003236245954692518,-0.006271301976823462,-0.010075566750629705,-0.01938153310104529,-0.007052186177715081,0.012915129151291449,-0.004777070063694322,0.00108108108108107
2023-08-01,0.03141361256544495,0.02285714285714291,0.01298701298701288,0.1215530251063246,0.01526717557251911,0.02087497224072843,0.008522727272727293,0.0018214936247722413,0.008000000000000007,0.0
2023-08-02,-0.015228426395939132,0.0,-0.009615384615384581,-0.07706422018348624,-0.01253132832080206,-0.016097454861866423,-0.012676056338028152,0.0,-0.012698412698412653,-0.001079913606911398
2023-08-03,0.0019329896907216426,0.009776536312849249,-0.006472491909385147,0.03512259774685211,-0.024111675126903598,-0.0022109219544550474,-0.0028530670470755526,0.0,0.01768488745980701,-0.00432432432432428
2023-08-04,0.0,0.017980636237897585,0.01791530944625408,-0.008194622279129371,0.002600780234070177,0.004431641923332563,-0.0014306151645206988,-0.0036363636363636598,-0.014218009478673022,0.0
2023-08-07,-0.00836012861736335,0.006793478260869623,0.008000000000000007,0.0,0.0,-0.004412089124200325,0.005730659025787954,-0.010948905109489093,0.0,-0.0032573289902280145
2023-08-08,-0.007133592736705552,-0.018893387314439902,0.012698412698412653,-0.004776658920733312,-0.0025940337224383825,0.004431641923332563,-0.007122507122507171,0.012915129151291449,-0.0016025641025640969,-0.011982570806100212
2023-08-09,-0.007184846505551956,-0.0013755158184318717,-0.020376175548589393,-0.0011674665974834575,-0.014304291287386195,-0.027134348113831863,-0.008608321377331474,-0.007285974499089298,-0.011235955056179803,-0.012127894156560126
2023-08-10,-0.0052631578947368585,0.05785123966942152,-0.011199999999999988,0.08311688311688314,0.0,-0.04761904761904767,-0.00868306801736618,-0.02752293577981646,0.004870129870129913,-0.004464285714285698
2023-08-11,-0.000661375661375696,-0.03385416666666663,0.0,-0.025299760191846543,0.0079155672823219,0.02857142857142847,-0.0014598540145985828,0.0,0.07108239095315017,0.008968609865470878
2023-08-14,-0.017207147584381244,0.029649595687331498,-0.014563106796116498,0.050559724443350884,0.002617801047120505,0.011574074074074181,0.0014619883040936088,0.028301886792452935,-0.021116138763197623,0.005555555555555536
2023-08-16,-0.03367003367003363,-0.0327225130890052,-0.02791461412151064,-0.009601873536299821,-0.011749347258485643,0.0022883295194509046,-0.011678832116788329,-0.0055045871559632475,-0.03081664098613246,-0.0055248618784530246
2023-08-17,-0.013937282229965153,-0.03112313937753719,0.0,-0.0021281626862141856,0.003963011889035695,-0.010273972602739767,0.001477104874446189,-0.01845018450184499,-0.020667726550079535,-0.0011111111111110628
2023-08-18,-0.0190812720848057,-0.011173184357541888,-0.010135135135135087,-0.028199052132701463,-0.011842105263157876,-0.005767012687427964,-0.002949852507374673,-0.001879699248120259,0.016233766233766156,-0.005561735261401579
2023-08-21,0.009365994236311348,-0.007062146892655385,0.008532423208191142,0.002316508168739295,0.013315579227696439,-0.001160092807424573,0.00591715976331364,-0.016949152542372836,-0.014376996805111841,-0.0011185682326622093
2023-08-22,0.013561741613133504,-0.007112375533428139,-0.005076142131979711,0.001094757328792051,0.0013140604467805073,-0.008130081300813052,0.0014705882352941124,-0.005747126436781658,0.006482982171799101,0.0011198208286673506
2023-08-23,-0.0007042253521126751,-0.0014326647564469885,0.00340136054421758,0.0032806804374241327,0.018372703412073532,0.003512880562060783,-0.001468428781204123,0.0019267822736031004,0.0,-0.0022371364653244186
2023-08-24,0.009161381254404466,0.0057388809182210565,-0.01016949152542368,0.045416010657623795,-0.006443298969072142,0.010501750291715295,-0.002941176470588225,0.017307692307692246,0.009661835748792313,0.004484304932735439
2023-08-25,-0.004888268156424624,0.011412268188302432,0.0,-0.012743280815569968,0.005188067444876765,-0.004618937644341847,-0.010324483775811188,0.005671077504725952,0.00797448165869219,0.010044642857142794
2023-08-28,0.01403508771929829,0.016925246826516194,0.020547945205479534,0.0,0.007741935483871032,0.040603248259860836,0.0044709388971684305,0.015037593984962516,0.03639240506329111,0.017679558011049812
2023-08-29,0.0006920415224913601,-0.004160887656033285,-0.001677852348993314,0.013963858249237182,0.008962868117797784,0.0,0.014836795252225476,0.0018518518518517713,0.007633587786259444,0.009771986970684043
2023-08-30,0.008298755186721962,-0.00974930362116988,-0.006722689075630228,0.013771554218261706,-0.006345177664974666,0.00557413600891854,0.007309941520467822,0.01109057301293892,0.0121212121212122,-0.003225806451612856
2023-08-31,-0.008916323731138598,-0.0014064697609000865,0.0,0.02705479452054793,0.010217113665389466,0.03104212860310418,-0.011611030478954953,0.010968921389396646,0.013473053892215647,0.0010787486515642097
2023-09-01,0.03321799307958484,0.005633802816901401,-0.010152284263959421,-0.05579637656996772,-0.0012642225031606058,-0.016129032258064502,0.008810572687224738,0.0,0.002954209748892156,-0.0021551724137931494
2023-09-04,0.009377093101138545,0.03921568627450989,0.027350427350427253,-0.004355503237198355,0.008860759493670933,-0.0010928961748634114,-0.0014556040756914523,0.001808318264014508,-0.002945508100147265,-0.01403887688984884
2023-09-05,-0.00928998009289983,-0.008086253369272267,-0.0016638935108153063,-0.035587609363915806,-0.005018820577164407,-0.004376367614879695,-0.008746355685131157,0.0018050541516245744,-0.011816838995568735,-0.013143483023001057
2023-09-06,-0.0066979236436705,-0.014945652173913082,0.006666666666666599,-0.01569204364349641,0.007566204287515754,0.001098901098901095,0.00588235294117645,0.0018018018018017834,-0.010463378176382654,-0.0033296337402886067
2023-09-07,-0.01550910316925147,-0.004137931034482789,0.054635761589403975,-0.010212977954913494,0.003754693366708306,-0.007683863885839748,0.0029239766081872176,0.007194244604316502,-0.012084592145015116,-0.00222717149220486
2023-09-08,0.006164383561643838,0.011080332409972193,0.05965463108320246,0.017239209764691177,0.0012468827930174342,-0.03207964601769908,0.005830903790087438,0.0,-0.015290519877675823,0.0011160714285713969
2023-09-11,0.002722940776038074,0.005479452054794498,0.04888888888888898,0.0,0.013698630136986356,-0.012571428571428567,-0.0028985507246376274,0.0035714285714285587,0.01863354037267073,-0.018952062430323324
2023-09-12,-0.008146639511201648,-0.010899182561307952,-0.0014124293785310327,-0.006803562592775814,-0.0012285012285012664,-0.01041666666666663,-0.005813953488372103,-0.01245551601423489,-0.009146341463414642,-0.013636363636363669
2023-09-13,0.003422313483915085,0.012396694214876103,0.005657708628005631,-0.023913314235894934,0.01599015990159902,0.0,-0.007309941520467822,-0.0018018018018017834,0.006153846153846176,0.017281105990783363
2023-09-14,0.008185538881309684,-0.0054421768707483276,-0.01828410689170179,-0.007017991578410099,0.008474576271186418,0.004678362573099504,-0.00589101620029453,0.0018050541516245744,-0.004587155963302725,0.0011325028312569874
2023-09-15,0.027740189445196295,0.002735978112175186,0.01002865329512903,0.01413518375738887,0.04441776710684264,0.04889406286379505,0.016296296296296253,0.01981981981981984,-0.015360983102918557,0.013574660633484115
2023-09-18,-0.010533245556286985,-0.004092769440654842,0.014184397163120588,-0.015078560567663435,-0.0022988505747126853,-0.0321864594894562,-0.004373177842565634,-0.0035335689045936647,0.010920436817472678,0.0011160714285713969
2023-09-19,0.004657351962741085,0.03835616438356171,-0.01958041958041956,-0.023543033577769212,-0.003456221198156695,0.011467889908256979,-0.007320644216691097,-0.00886524822695034,0.0015432098765431057,-0.0022296544035674826
2023-09-20,0.01059602649006619,-0.01055408970976257,-0.03566333808844513,-0.0011857707509881354,0.01734104046242768,-0.023809523809523836,-0.002949852507374673,0.0,0.0046224961479199855,0.0
2023-09-21,-0.017693315858453462,-0.005333333333333301,-0.029585798816568087,-0.018071494525788157,0.005681818181818121,-0.004645760743321681,-0.011834319526627168,-0.003577817531305927,0.004601226993865115,-0.011173184357541888
2023-09-22,-0.004002668445630464,0.0,0.024390243902439046,-0.012224610424502957,0.003389830508474523,-0.001166861143523934,-0.004491017964071808,-0.0035906642728904536,0.0,-0.004519774011299438
2023-09-25,0.0013395847287340779,-0.0013404825737265424,-0.013392857142857095,-0.003671970624234966,-0.010135135135135087,-0.011682242990654235,-0.004511278195488688,-0.007207207207207245,-0.006106870229007688,0.0011350737797957144
2023-09-26,-0.022073578595317778,-0.03489932885906044,-0.02714932126696834,-0.022522522522522515,-0.030716723549488067,-0.010638297872340385,-0.007552870090634434,0.001814882032667775,-0.006144393241167445,-0.0011337868480725266
2023-09-27,0.0,-0.0055632823365785455,0.027906976744185963,0.003910068426197455,-0.0035211267605633756,0.0035842293906809264,-0.004566210045662156,-0.0036231884057971175,0.020092735703245657,0.015891032917139558
2023-10-04,-0.050615595075239384,-0.02657342657342654,-0.039215686274509776,-0.0635693420503547,-0.02473498233215543,-0.008333333333333304,-0.02905198776758411,0.0,-0.00303030303030305,-0.007821229050279377
2023-10-05,-0.02017291066282423,0.018678160919540332,-0.039246467817896424,-0.025846702317290582,-0.012077294685990392,-0.00600240096038418,-0.020472440944881876,-0.018181818181818188,-0.00455927051671734,-0.0011261261261261701
2023-10-06,-0.008088235294117618,-0.0014104372355430161,-0.017973856209150374,0.0320219579139982,0.046454767726161306,0.004830917874396157,0.0,0.0,0.006106870229007688,0.004509582863585049
2023-10-10,0.021497405485544796,0.02824858757062154,0.016638935108153063,-0.013445626477541328,0.008177570093457875,0.016826923076923128,-0.003215434083601254,0.0,0.0015174506828528056,-0.004489337822671136
2023-10-11,0.06894049346879538,-0.004120879120879106,0.004909983633387904,0.013628875243372862,-0.01390498261877171,0.010638297872340496,0.0,0.016666666666666607,0.00454545454545463,0.0033821871476888976
2023-10-12,0.08010862186014944,-0.011034482758620734,-0.0032573289902280145,-0.0013297872340425343,0.016451233842538215,-0.007017543859649145,-0.008064516129032251,-0.010928961748633892,0.013574660633484115,0.004494382022471877
2023-10-13,-0.035197988686360815,-0.01115760111576014,-0.006535947712418277,-0.009468856339695186,0.005780346820809301,-0.020023557126030656,-0.04065040650406504,-0.007366482504604033,0.0029761904761904656,0.006711409395973256
2023-10-16,-0.011074918566775227,-0.014104372355430161,0.00164473684210531,0.005526512322628907,0.0045977011494253706,0.0024038461538462563,0.011864406779660941,0.0018552875695732052,0.0029673590504450953,0.011111111111111072
2023-10-17,0.0013175230566535578,0.0014306151645206988,-0.0016420361247947435,0.013517528223410569,-0.01258581235697942,-0.008393285371702586,0.01005025125628145,0.0,0.004437869822485174,0.001098901098901095
2023-10-18,-0.013815789473684226,0.010000000000000009,0.02960526315789469,0.008060970247691701,0.01969872537659323,-0.008464328899637219,0.0033167495854062867,0.0018518518518517713,0.019145802650957222,0.001097694840834329
2023-10-19,-0.004002668445630464,-0.012729844413012725,-0.02396166134185307,-0.0411456818842687,-0.005681818181818232,-0.029268292682926855,-0.023140495867768562,-0.01848428835489835,-0.00867052023121384,-0.005482456140350922
2023-10-20,-0.02746148693904893,-0.012893982808022897,-0.009819967266775809,-0.004245640636846071,-0.008000000000000007,-0.01005025125628145,-0.011844331641285955,-0.011299435028248594,-0.004373177842565634,-0.007717750826901848
2023-10-23,-0.024793388429752095,0.00870827285921627,-0.013223140495867813,0.001522765341860799,-0.025345622119815614,-0.026649746192893398,-0.023972602739726012,-0.015238095238095273,-0.040995607613469986,-0.012222222222222245
2023-10-24,0.0007062146892655718,0.021582733812949728,-0.005025125628140725,0.013836095484263344,-0.0011820330969266601,-0.0013037809647978849,0.007017543859649145,0.01740812379110257,0.01984732824427482,-0.0011248593925758943
2023-10-25,0.00917431192660545,0.029577464788732355,0.023569023569023573,0.020545890821835666,0.007100591715976323,-0.0013054830287205776,0.022648083623693305,0.015209125475285079,0.011976047904191711,0.029279279279279313
2023-10-26,-0.01538461538461533,-0.01641586867305067,-0.02960526315789469,-0.0335047759000735,-0.01762632197414804,-0.010457516339869244,-0.023850085178875657,-0.005617977528089901,-0.023668639053254448,-0.01641137855579866
2023-10-27,-0.009232954545454586,-0.008344923504867818,-0.005084745762711895,0.013836095484263344,-0.014354066985645897,0.0026420079260238705,-0.003490401396160525,0.009416195856873921,-0.0015151515151514694,0.0011123470522802492
2023-10-30,0.027956989247311936,0.009817671809256634,0.0017035775127767216,0.0013497300539893065,-0.03762135922330101,-0.0026350461133070047,0.005253940455341555,-0.007462686567164201,0.0,0.0011111111111110628
2023-10-31,-0.009762900976290068,0.001388888888888884,-0.023809523809523836,0.006889321551595051,-0.011349306431273631,-0.006605019815059454,0.0017421602787457413,0.001879699248120259,-0.009104704097116834,0.0011098779134295356
2023-11-01,0.02042253521126769,0.015256588072122046,0.0017421602787457413,0.0026773761713521083,0.010204081632652962,-0.0026595744680850686,-0.003478260869565264,0.011257035647279645,0.016845329249617125,0.0044345898004434225
2023-11-02,0.027605244996549372,-0.002732240437158473,0.013913043478260834,0.008159026850615536,-0.015151515151515138,0.008000000000000007,0.020942408376963373,0.0018552875695732052,0.003012048192771122,0.0066225165562914245
2023-11-03,0.04432505036937551,0.008219178082191858,0.012006861063464935,0.010741612713360826,0.03205128205128216,0.02910052910052907,0.029059829059828957,0.005555555555555536,0.009009009009008917,0.007675438596491224
2023-11-06,0.034083601286173604,0.029891304347826164,0.025423728813559254,0.037268889212403566,0.049689440993788914,0.033419023136246784,0.009966777408637828,-0.014732965009208066,0.03125,0.008705114254624613
2023-11-07,-0.005597014925373123,0.0,-0.014876033057851235,-0.002666666666666706,-0.03313609467455625,-0.00995024875621886,-0.013157894736842146,0.009345794392523255,-0.017316017316017285,-0.004314994606256728
2023-11-08,0.0,0.04617414248021112,-0.008389261744966459,-0.012806079369546808,-0.009791921664626724,0.005025125628140614,0.021666666666666723,0.0018518518518517713,0.019089574155653377,-0.008667388949079036
2023-11-09,-0.0018761726078799779,0.003783102143757988,0.0016920473773265332,0.0,0.0012360939431397266,-0.012499999999999956,-0.004893964110929905,0.003696857670979714,0.01729106628242083,0.012021857923497192
2023-11-10,0.0,-0.023869346733668362,-0.0016891891891891442,-0.012972202423378487,0.007407407407407307,-0.0075949367088608,0.003278688524590123,0.007366482504604033,0.022662889518413554,0.0
2023-11-13,-0.02506265664160401,-0.0012870012870013214,-0.016920473773265665,0.0012998266897747968,0.0,0.0025510204081633514,-0.0032679738562091387,0.005484460694698434,-0.005540166204986097,-0.001079913606911398
2023-11-14,0.019280205655527016,0.010309278350515427,0.010327022375215211,0.007933073705466587,0.01225490196078427,0.006361323155216203,-0.004918032786885296,0.0,-0.01810584958217265,0.00108108108108107
2023-11-15,0.032786885245901676,0.0,0.02555366269165238,0.018174012593016542,0.014527845036319542,0.008849557522123908,0.01812191103789118,0.0036363636363636598,0.025531914893617058,0.015118790496760237
2023-11-16,0.004884004884004867,0.008928571428571397,-0.00830564784053156,0.007730147575544688,0.0023866348448686736,-0.0025062656641604564,0.003236245954692629,0.005434782608695565,0.006915629322268302,-0.0010638297872340718
2023-11-17,-0.009720534629404587,0.0012642225031604948,-0.00670016750418756,-0.013947001394700176,-0.00952380952380949,0.0012562814070351536,0.019354838709677358,0.0,0.009615384615384581,-0.0031948881789137795
2023-11-20,0.004294478527607337,0.0,0.015177065767284947,0.0025459688826026117,0.0,0.02132998745294845,0.012658227848101333,-0.003603603603603567,0.010884353741496655,0.007478632478632452
2023-11-21,0.0018326206475258733,0.011363636363636465,0.0,0.0012697516930022523,0.007211538461538547,-0.00614250614250611,0.006250000000000089,-0.009041591320072317,0.0026917900403768957,0.01378579003181346
2023-11-22,-0.0030487804878048808,-0.004993757802746579,0.013289036544850585,-0.005072565872904056,-0.0023866348448687846,-0.0024721878862793423,0.0031055900621117516,-0.005474452554744547,-0.008053691275167751,0.0
2023-11-23,-0.0012232415902140303,-0.0012547051442910462,-0.0016393442622950616,-0.010338478968984544,0.011961722488038173,-0.008674101610904539,0.0,0.007339449541284404,-0.006765899864682012,0.0010460251046024993
2023-11-24,-0.015921616656460524,-0.005025125628140725,0.0,-0.011877504293073882,-0.013002364066193817,0.007500000000000062,-0.012383900928792602,-0.005464480874316946,-0.010899182561307952,0.0
2023-11-27,0.0068450528935906085,0.018939393939394034,0.021346469622331776,0.00666183924692243,-0.004790419161676662,-0.003722084367245637,0.0015673981191222097,-0.005494505494505475,-0.0027548209366391463,-0.005224660397074143
2023-11-28,0.02966625463535233,-0.027261462205700138,-0.0112540192926045,0.02359372752121991,0.001203369434416457,0.0,-0.006259780907668211,-0.0036832412523020164,-0.0013812154696132284,-0.0010504201680672232
2023-11-29,-0.01140456182472993,-0.021656050955414008,-0.008130081300813052,-0.05903021784961349,-0.008413461538461564,-0.001245330012453305,-0.022047244094488216,-0.02957486136783738,0.0055325034578146415,-0.007360672975814886
2023-11-30,-0.006678809957498477,-0.00390625,-0.011475409836065542,0.03420463032113519,0.00969696969696976,0.004987531172069737,-0.019323671497584516,0.011428571428571344,0.008253094910591452,0.0010593220338983578
2023-12-01,0.009779951100244544,0.005228758169934622,0.008291873963515828,-0.0027440785673021884,0.004801920768307433,-0.003722084367245637,0.019704433497536922,-0.011299435028248594,0.009549795361528002,0.0
2023-12-04,0.012711864406779627,0.0,-0.004934210526315819,-0.007820419985517746,-0.0035842293906810374,-0.001245330012453305,0.02093397745571668,-0.015238095238095273,-0.00540540540540535,-0.0010582010582010914
2023-12-05,0.007172743574417106,-0.0013003901170350884,0.011570247933884392,-0.013428696540651042,-0.0023980815347721673,0.0,0.01577287066246047,0.015473887814313247,0.008152173913043459,0.0010593220338983578
2023-12-06,0.002373887240356032,0.00390625,-0.006535947712418277,0.010800414262464919,0.0,0.0,0.004658385093167627,-0.0019047619047618536,0.010781671159029615,0.00952380952380949
2023-12-07,0.004736530491415092,-0.01037613488975353,0.006578947368421018,-0.001317330210772849,-0.01081730769230771,-0.004987531172069848,0.0015455950540959051,-0.011450381679389277,0.006666666666666599,-0.0010482180293500676
2023-12-08,0.006482027106658794,0.007863695937090354,0.0016339869281045694,0.017441008354096343,0.007290400972053357,0.0012531328320801727,-0.0030864197530864335,0.021235521235521304,-0.003973509933774877,-0.007345225603357819
2023-12-11,0.0,0.002600780234070177,-0.00815660685154973,0.0012964563526360884,0.003618817852834688,0.0012515644555695093,-0.003095975232198178,-0.005671077504725952,-0.0013297872340425343,0.005285412262156397
2023-12-12,0.004098360655737654,-0.0025940337224383825,0.009868421052631637,0.002589555459646009,0.012019230769230838,-0.006249999999999978,-0.006211180124223614,0.011406844106463865,0.0026631158455392434,0.0
2023-12-13,0.00291545189504383,0.002600780234070177,0.0016286644951140072,0.0066006600660066805,-0.0106888361045131,-0.0012578616352201255,0.0,0.003759398496240518,0.005312084993359889,-0.00525762355415349
2023-12-14,0.011627906976744207,0.0025940337224383825,-0.003252032520325243,0.012972202423378487,0.004801920768307433,0.0025188916876575096,0.0031250000000000444,0.0,0.006605019815059343,0.0042283298097252064
2023-12-15,0.020689655172413834,0.0077619663648125226,-0.0032626427406199365,-0.01660568533633544,0.02628434886499398,0.007537688442211143,0.0,-0.028089887640449396,0.005249343832020914,0.007368421052631469
2023-12-18,-0.01745495495495497,-0.0025673940949936247,0.003273322422258529,0.020892959358900898,-0.01396973224679865,-0.028678304239401542,-0.010903426791277204,-0.009633911368015391,-0.01305483028720622,-0.018808777429467072
2023-12-19,0.006876790830945501,0.002574002574002643,0.00978792822185981,-0.0026633024950939443,-0.0035419126328217754,-0.00898587933247752,0.0047244094488188,-0.017509727626459193,-0.021164021164021163,-0.011714589989350377
2023-12-20,0.008537279453614044,0.015404364569961526,0.037156704361873905,0.010400562192550922,0.018957345971563955,0.006476683937823857,0.004702194357366851,-0.001980198019801982,-0.004054054054054013,0.003232758620689724
2023-12-21,-0.010722347629796847,-0.0012642225031606058,-0.0015576323987538387,0.008763388510223846,0.0011627906976743319,0.0012870012870012104,0.0,0.011904761904761862,-0.005427408412483015,-0.0032223415682062218
2023-12-22,-0.01026811180832854,-0.0025316455696202667,0.0031201248049921304,0.008825151682294585,-0.0034843205574912606,0.007712082262210762,0.0031201248049921304,0.0019607843137254832,0.02046384720327432,-0.0021551724137931494
2023-12-26,0.008645533141210304,0.027918781725888353,0.0,0.010114816839803087,0.012820512820512775,0.010204081632652962,-0.0031104199066873672,0.0,0.014705882352941124,0.004319654427645814
2023-12-27,0.006857142857142895,-0.06666666666666665,-0.051321928460342114,-0.017591339648173165,-0.014959723820483273,0.002525252525252597,-0.020280811232449292,0.011741682974559797,-0.017127799736495364,0.0
2023-12-28,0.010215664018161208,-0.007936507936507908,0.03770491803278686,-0.008264462809917328,0.014018691588784993,0.0025188916876575096,0.004777070063694211,-0.0019342359767892114,-0.01608579088471851,0.0
