Date,SK㈜,롯데쇼핑,HD현대,서부티앤디,하나금융지주,모두투어,SK디앤디
2022-04-04,0.02484478195839479,0.01435901981108545,0.012962900836704705,0.004854266826436859,0.00206621555513653,0.022821523943501676,0.009966758066620063
2022-04-05,0.0,-0.002022226430535623,0.009140806150645941,0.028985544583534084,-0.028866060479209255,0.014198846032116741,0.0
2022-04-06,0.004040424891526451,-0.010131706758825909,-0.005434837523546121,-0.023474207789823343,0.007430971158373767,0.0299999952344272,-0.019736872805889427
2022-04-07,-0.010060447042698928,-0.02149435002746225,-0.007285858876401097,0.0,-0.015806014260887014,-0.021359250851961775,-0.008389245887757357
2022-04-08,0.0081301237855127,-0.01150626070193106,0.0055044786931512935,0.004807698470860489,-0.00749471644859756,0.001984158252320789,0.00169204415199542
2022-04-11,0.0020161727102228078,0.011640195829769828,0.012773743726837816,-0.014353978981533122,0.014023724013581873,-0.025742585936606055,0.0
2022-04-12,-0.018108778148416937,-0.020920579149404372,-0.001801793255017392,0.004854266826436859,-0.0021275691054082335,-0.024390304932892515,-0.020270302176602195
2022-04-13,0.01844275388700245,0.009615479854836018,0.034296026990872086,0.0,0.006396509607257128,0.01458339831528721,0.006896610762795907
2022-04-14,0.004024032910653563,-0.005291047198200283,0.010471232320300006,-0.004830816752928513,-0.0021186501839781657,-0.01848053902836133,0.0051369763920279254
2022-04-15,0.004007971024448942,0.0010638201612787057,0.013816936781362532,0.009708641518278993,-0.004246200353192675,0.010460250003157201,0.011925019703374673
2022-04-18,-0.0039919713190716966,0.021254064175536103,-0.006814277417805159,0.0,-0.004264404300468816,-0.018633505645469173,-0.01178448943467203
2022-04-19,0.00601208864726166,-0.0062435279477598415,0.013722060764402855,0.004807698470860489,0.019271808448041217,0.0,0.0051107227300177804
2022-04-20,0.023904375145438195,0.017801063534079953,0.0,-0.009569390199093641,0.0031512221159781806,0.0021096540887828308,-0.005084736053890926
2022-04-21,0.031128373977838075,0.011316856943545561,-0.005076117987183659,0.009661848194511435,0.006282741337795494,-0.006315722060406426,-0.0034071484866784463
2022-04-22,0.0,-0.0050865103040207416,-0.0017006721415090409,-0.014353978981533122,0.014568296071787223,-0.014830573538871072,0.0
2022-04-25,-0.022641503332136992,-0.04805725989155063,-0.005110708063353786,-0.004854374691842023,-0.02666674244360312,-0.023655860715450894,-0.011965788922995602
2022-04-26,0.011583008389106642,0.011815236912273486,0.003424641049528443,0.09268282055264754,-0.004214975424608469,-0.008810623938396045,0.0017301004341818693
2022-04-27,-0.0019084383622341994,-0.027600780627409338,-0.00682598196637163,-0.022321358158804094,-0.021163987087573388,-0.017777705607782246,-0.013817042974954119
2022-04-28,0.028680807756902515,0.021833955305301744,0.013745715796291469,-0.009132532672934568,0.029189126444477687,0.0067872573401186465,0.0035027667151230624
2022-04-29,-0.0037174299837354763,0.009615479854836018,-0.011864350250666456,-0.00921639733540991,-0.012604983883204524,0.02247190810690025,-0.0017452700836037005
2022-05-02,0.00373130083333173,0.0,-0.003430591727515697,0.00465096137816956,-0.008510566333847391,,-0.0017483213765988603
2022-05-03,-0.029739868738132946,-0.0021164728824155654,0.003442401200597134,-0.023148179104895195,-0.007510799576564753,-0.021978020059745917,-0.0017512372140904287
2022-05-04,-0.0019156241353107673,-0.008483576774173551,0.00343043865468573,-0.009478580652920177,0.02270262116642785,-0.03595499942527547,-0.005263147877904828
2022-05-06,-0.007677646038975583,0.0010695090846868371,0.0034188635259213562,-0.014353978981533122,-0.004228246371954736,-0.004662078028570993,-0.003527256524703426
2022-05-10,-0.046421652590940554,-0.00641019874233173,0.006814277417805048,-0.024271873459210114,-0.024416254732291143,-0.028103023804521454,-0.021238969552738407
2022-05-11,-0.010142007629705851,0.0408602109234506,-0.018612508120067317,0.0049751304280343245,-0.03155598603943288,0.007228934109732688,0.045207943365879855
2022-05-12,-0.006147472055256564,0.008264475880993105,-0.005172389121711696,-0.03168325065448052,0.003370745460899549,-0.05502393617324497,-0.008650502170909014
2022-05-13,0.010309230006382952,0.03995900282145359,0.02253029859775668,0.00715751892216665,0.0279957573123244,0.030379723673175096,0.03490394533856045
2022-05-16,0.002040793400309049,0.004926063792211943,0.01355933305769308,-0.029441638335816478,0.011982257669500784,0.017199093916624886,-0.0033726748743954094
2022-05-17,0.018329934798479552,-0.009803916663498002,0.0183945609864673,-0.005230248302275697,-0.0043055227579517075,-0.014492789768982939,-0.016920441519955087
2022-05-18,-0.007999910344468453,0.0,0.008210215393597009,-0.024185054958971386,-0.0010811333152571656,-0.019607860314204695,-0.006884668234223512
2022-05-19,-0.00403221251081054,-0.0396039403850732,-0.016286568018023306,-0.02370679721398905,-0.01948038031330468,-0.012499998758965347,-0.008665566658321855
2022-05-20,0.00607287233283027,-0.007216517354321272,-0.006622632506394499,0.03090512856090788,0.03642379291961939,0.012658226575449127,0.015734308837528133
2022-05-23,-0.010060447042698928,0.013499535819039732,-0.02333322401253013,-0.005353385029173596,0.009584546779360048,0.0025000394649015156,0.017211670585558725
2022-05-24,-0.05284553662541913,-0.006147572413475744,-0.011945411332706213,-0.02368139616999232,0.005274421003318652,-0.009975120382212377,-0.003384088303991062
2022-05-25,0.01502150248693801,0.004123674096464303,0.005181322393573273,0.0044101858038896324,0.004197092937413105,0.0,0.00848894810998968
2022-05-26,-0.0021141410376949166,-0.0092401632950182,0.005154614673136937,0.004390760487692269,0.007314593886742271,0.0,-0.006733993962669715
2022-05-27,0.00847448039756138,0.016580248497920946,0.013675225279407899,0.016393463523505458,0.017634859170557515,0.04785899825532414,0.006779648071854494
2022-05-30,0.021008513923848948,0.01936807731000245,0.010118071126201666,0.010752641927974427,0.00917438498599954,0.016826901735166766,0.005050565714356026
2022-05-31,0.020576102102250804,0.014999948541762897,0.04340569266684713,0.009574456894496652,0.0,0.0,0.0351758804505935
2022-06-02,0.006048318766215699,-0.029556717945159794,0.0,-0.0021074140796474294,-0.03838394756507024,-0.014184433118854423,-0.016181265606396544
2022-06-03,0.002003985512224471,0.08121832188919731,0.006399969386608362,-0.006335711278150358,0.0,0.02877705241301909,0.013157869453973348
2022-06-07,-0.013999974949189697,-0.014084459798880622,0.012718611442515293,-0.027630295275783423,-0.017857147968890597,-0.018648034400251978,-0.016233735445721598
2022-06-08,0.0,0.02857141237048766,0.021977987338779537,0.01967204694816349,0.0,0.0,-0.003300392521910278
2022-06-09,0.010142007629705851,-0.01851850830959212,-0.004608204594633292,-0.007502558725656416,-0.004278087543113429,-0.011876482992130732,-0.03476821615221504
2022-06-10,-0.010040180047064862,-0.018867913930498692,0.0061728097522186776,-0.006479453654800182,-0.011815336363972584,-0.016826901735166877,-0.02229841476864991
2022-06-13,-0.03245426395294926,-0.028846219115754135,-0.03680977648435446,-0.054347891718672936,-0.028260758592028368,-0.044009792533489356,-0.047368404101069794
2022-06-14,-0.006289375104948425,0.004950534654542649,-0.0031846979887134585,-0.003448229184518481,0.010067092953664813,-0.0025575850205817874,-0.018416247723816004
2022-06-15,-0.04008435385616538,-0.009852211382395892,-0.03035150442422363,-0.011534103636180015,-0.018826040078280593,-0.0256410230300389,-0.02626644544357537
2022-06-16,0.004395627163421345,0.004975079325369558,0.001647365075948537,-0.0035005361581518235,-0.007900751145511475,-0.0026315159674390465,-0.017340928005186274
2022-06-17,0.013129098425539665,-0.030692961164333177,-0.01644729116908672,-0.026932131304913676,-0.030716762347486548,-0.02638521985081077,0.005882341391292734
2022-06-20,-0.030237665869584762,0.0020427954038710894,-0.010033471518318127,-0.036100996636876936,-0.015258101585058248,-0.06233063409775863,-0.038986360007791765
2022-06-21,0.011135879206411126,0.04994910142182207,0.033783698734678014,0.011235941029999807,0.0059595468003017515,0.011560645872838338,0.01217036170522845
2022-06-22,-0.04185018492251158,-0.036893281650759446,-0.031045679677354165,-0.05061730528695774,-0.05213284730799683,-0.08857140717497858,-0.024048049944329075
2022-06-23,-0.006896625407596613,-0.0030241663222027038,-0.018549734359906145,-0.03120937314191441,0.001250060464819569,-0.047021937134400504,-0.018480542072140116
2022-06-24,0.02777777141944604,0.021233549522531314,0.013745715796291469,0.03758380604234901,0.00624204519435323,0.00986838044398608,0.05439328827378742
2022-06-27,0.0,0.024752504847079138,0.038983016366052725,0.02716694772586381,-0.01240687294146714,0.07166126917661275,0.01785719164153221
2022-06-28,0.013513584741692952,-0.00483087420456163,0.0065253273982661675,-0.018891642014007726,0.02386947461638722,-0.009118563964386928,-0.001949395266974352
2022-06-29,-0.024608463921049206,-0.009708814829617607,-0.024671070354455704,-0.021822933933404398,-0.0012515740809473375,-0.006134944288661237,0.013888944348795285
2022-06-30,-0.013761562621068757,0.01960791671419737,0.0016863517692864427,-0.03280829667801766,-0.013784455698807485,-0.012345689604928767,0.009784705454942921
2022-07-01,-0.016279018414624535,-0.033653867779316116,-0.02356910482022956,-0.020352881772840226,0.011435807112130547,-0.0281250089199363,0.0
2022-07-04,-0.009456356086388062,0.02985072984756454,-0.043103356780896385,-0.016620428281980182,-0.03643210641050809,-0.012861747625753095,-0.04069767673246916
2022-07-05,0.03341294004772033,-0.014492786971062044,-0.012612695549029884,0.04929575811822429,0.015645259252834443,0.016286643265685186,0.012121224692996924
2022-07-06,-0.05080831531019381,-0.02647051662040345,-0.05656931861391257,-0.03355708951676495,-0.03594345378580399,-0.012820524243579823,-0.00798395813769126
2022-07-07,0.012165548199305931,-0.008056492925322067,0.015473820368049118,0.02500004822108548,-0.019973285628194448,0.022727309357575276,0.004024066053721187
2022-07-08,0.002403849559409643,0.005076269246488296,0.0076191824200930736,-0.009485167063048694,0.010869466576304054,-0.006349243370747715,-0.006011989079287128
2022-07-11,-0.002398084924021604,-0.047474830611804464,-0.011342229486438704,-0.01915169001771544,-0.01747301378455901,-0.01916931468305927,-0.00806460694905442
2022-07-12,-0.007211627384586139,-0.044538665319256876,-0.017208359150566066,-0.032078156479688924,-0.013679994722438638,-0.058631876948869066,0.0
2022-07-13,0.009685323890996855,0.004439565821432012,0.005836528776093752,0.030259275223633475,-0.011095786072868985,0.041522457589940664,-0.04878045726351632
2022-07-14,-0.009592418213699161,-0.0044199431927010036,-0.003868412567965107,-0.0013985566298895247,-0.02384291602479549,0.00996680261259475,-0.025640964883596795
2022-07-15,0.0193704099477503,-0.014428376518303865,-0.007766955974129686,-0.025210053958857892,-0.027298871716498474,-0.01973689152319169,-0.017543877031094723
2022-07-18,0.009501280198523032,0.01238737045285343,0.029354141259587685,0.050287259306296406,0.0516986148399492,0.010067139807933723,0.035714321730884846
2022-07-19,0.01647053530453113,-0.004449442407635673,0.0,0.024623851141775788,0.0014045679885579254,0.0,0.012930958556297334
2022-07-20,-0.0023148183236719744,0.041340789024776115,0.005703459717711912,-0.016021293491498834,0.026647987010590235,0.0033222455479924307,-0.004255323611265349
2022-07-21,0.0023201891400075336,0.015021414772163677,0.0018902884622418181,0.025780115914758817,0.021857850367732468,0.009933800089472866,0.014957324589556231
2022-07-22,-0.00925919750337345,-0.009513656533739367,0.003773526988785969,-0.03174604340948384,-0.03342236534652121,-0.013114765411419982,0.0
2022-07-25,0.01635508745936054,0.005336130857160448,0.0018797944821948853,0.020491830026422964,0.002766211607458713,-0.0033222455479924307,0.006315752520243967
2022-07-26,0.0,0.007431021072858757,0.024390322373343043,0.05220887237456062,-0.009655247724731253,0.0,0.020920437738382036
2022-07-27,0.009195416141354551,-0.0031612833491104775,0.010988921608585,0.011450367652255489,0.005571136535295507,-0.013333344806008784,0.01639354472351995
2022-07-28,-0.004555740868940283,-0.015856184132990725,0.003623132704633214,0.0062893160864869735,0.019390732397753796,-0.006756729107702197,0.0362903586415364
2022-07-29,0.0068649234069351195,0.024704669324473683,0.02707583405042313,-0.0025000586754132526,0.010869466576304054,0.027210839786994567,0.0019454872040287619
2022-08-01,-0.009090848207309432,-0.01572330576626113,0.01054488554350419,0.012531344720714488,-0.008064518542311938,0.01986753442876643,0.017475705701035515
2022-08-02,-0.01605506877927665,-0.021299242757399695,-0.005217425615801741,0.01361390648261418,0.0,-0.025973984948087003,-0.009542033646606773
2022-08-03,0.006992940812283299,0.02285090276239754,0.0,-0.0012210298758241755,-0.0013549033430683144,0.016666664460383007,-0.007707058191458782
2022-08-04,-0.0023148183236719744,0.015957483387141203,-0.010489502963737962,0.009779977168531184,0.009497855773099806,0.036065556053813896,0.017475705701035515
2022-08-05,0.011601021667202671,0.01570675265854571,-0.0017667961188128078,0.01694907959034797,0.022849459228327706,0.0,0.02671766285781163
2022-08-08,0.006880668666572554,0.04639177201276734,0.005309769636824502,-0.0023809423037295385,0.02628117787254447,0.0,0.013011049822875043
2022-08-09,0.006833723177603002,0.0,0.007042222447404267,0.0023866247194872514,0.010243357274257958,0.006329150910501458,0.03302755653733169
2022-08-10,0.009049787163181167,0.0,0.020979082797867088,0.005952454956986486,-0.0038023105523909972,-0.015723330525941437,-0.001776237159613836
2022-08-11,0.024663713342346405,0.014778358972579841,0.003424604675938747,0.0011834597270337088,0.021628552063545525,0.03514381759832497,0.0
2022-08-12,0.006564489183513045,-0.009708814829617607,0.018771379970901947,0.008274228651480753,-0.013698734963930703,-0.0030864070798174437,0.01957293722170883
2022-08-16,-0.00217391629290542,-0.009803916663498002,-0.0100503171353864,-0.031653015177906085,-0.011363612085908747,0.0030959624803355013,-0.010471143392748239
2022-08-17,0.030501135015037262,0.0,-0.001692058581250988,-0.019370443927331338,0.002554184434704343,-0.02160497213004009,-0.03703710947445993
2022-08-18,-0.0021141679781286893,0.004950534654542649,0.006779705984693463,-0.007407443983990958,-0.019108202937458074,0.00946374650458881,0.0
2022-08-19,-0.019067755018572274,-0.014778275174607725,-0.003367025549081082,-0.003731292752956694,0.0,-0.009375023657222314,0.020146578975141827
2022-08-22,-0.008639391790891238,0.014999948541762897,0.011824328213641877,-0.019975083332963495,-0.018181727759148614,-0.012618307793127559,-0.01615796844371109
2022-08-23,-0.01742914867559231,-0.019704422764791785,0.008347300555011206,-0.006369434864800905,-0.0013228792496318142,-0.0031948752072646913,0.0
2022-08-24,0.03104210107690908,0.00100501601896541,0.029801228564510618,0.03333333333333344,0.02913906378625941,0.08653842726926042,-0.0036497135414070847
2022-08-25,0.008602092844751663,0.009036148179371706,-0.00482318317506536,0.014888342770632557,0.0090090792235753,0.0,-0.007326015041236422
2022-08-26,-0.004264329061580918,0.0,0.009693118033946124,-0.023227386353681267,-0.0038265601692424323,-0.005899681170503546,0.0
2022-08-29,-0.027837300086313688,-0.02885571398249065,-0.009600063485448174,-0.03003748802427264,-0.025608165129779148,0.03264099361490991,-0.009225064148512208
2022-08-30,0.0022026465076889767,0.0174180492161351,0.016155196723243392,0.03999993405596047,0.019710824892047674,0.04310344237320041,0.0130354334520828
2022-08-31,0.024175860709415797,-0.005035286664695993,0.00476950669799403,-0.0062034129764341195,0.011597913890366796,-0.016528967210867496,-0.014705896786771366
2022-09-01,-0.04077252208686977,-0.027327860374908086,-0.02531655168872793,-0.03620482987203788,-0.04458599593224766,-0.011204436299116494,-0.037313470005586824
2022-09-02,0.004474279485277677,0.007284012681239682,0.001623387399849907,-0.0025905906196902473,0.005333375130199602,0.008498604922422714,-0.011627919008839749
2022-09-05,0.002227174740387694,0.0020660970035795145,-0.001620756284519409,-0.0025973913542211013,0.009283891999149585,-0.016853974573572184,0.003921572733074141
2022-09-06,-0.017777803647878176,0.00309284325785697,0.011363711798949128,0.0,-0.002628258216920032,0.028571425329542155,0.005859421219811756
2022-09-07,-0.00904971308660496,-0.018499492773608295,-0.02568221040094021,-0.039062547467626496,-0.030302799192372776,-0.02777777471349474,-0.017475705701035626
2022-09-08,0.002283033512474164,0.02303661806600754,-0.011532128786062357,0.017615138209810643,0.005434642538351797,0.002857187919363291,0.005928818944882508
2022-09-13,0.04783598766042574,0.0030705965589921114,0.014999952365981617,0.03462058065042983,0.06081074128677599,0.04558397047788776,0.021610983416667562
2022-09-14,-0.02391300804403118,-0.04285710318136737,-0.034482698868877004,-0.034748991687129416,-0.020382098259542958,-0.027247954044466338,-0.02692302558305093
2022-09-15,0.015590223182714524,0.007462709574737936,0.011904765465651224,-0.01333349726957278,0.007802169626662803,0.014005600994496437,0.003952491849923412
2022-09-16,-0.015350899237545845,-0.011640285834995545,-0.01680675932803999,-0.027026988478335956,0.0038712282557260558,0.046961409609124205,-0.011810955185654004
2022-09-19,-0.01336304844232672,-0.011777286814653176,-0.0034188260316927455,-0.0013888444183322024,-0.0077120269410989595,0.010554046026756136,-0.019920420099664327
2022-09-20,0.018058717439046523,0.022751966976197302,0.006861109001445875,0.019471481945562807,0.011657889132907995,0.007832917935611139,0.016260180247746003
2022-09-21,-0.008869192478639043,0.0,0.0051106913208509575,0.04092767073007697,-0.017925647174085624,0.0,0.020000021357451603
2022-09-22,-0.006711419227916515,-0.006355964463975017,0.01694919043653953,-0.00917430925483953,-0.005215163823789282,-0.023316120548003805,-0.015686210398920486
2022-09-23,-0.03378375986716842,-0.03624736878280577,-0.013333347989954336,-0.03174604340948384,0.026212288277979168,-0.03448267144291417,0.001991992919903929
2022-09-26,-0.0489510436138938,-0.045353948995636606,-0.052364913920450396,-0.047814118283811546,-0.04214569235435939,-0.021978039961857987,-0.04572565196729261
2022-09-27,-0.014705903595487957,0.041714963844751374,-0.0035650077617394027,0.01865132181938467,-0.027999981951353226,0.06179772084698243,-0.018750062035864823
2022-09-28,-0.034825840255953255,-0.023359359766213394,-0.030411335320708277,-0.015493008437445277,0.0013719360796649038,-0.03439155106790437,-0.053078570519181745
2022-09-29,0.007731885468688082,-0.00569470951459683,0.014760000019470088,-0.017167388454770505,0.0,-0.04109588593960123,-0.013452837574971399
2022-09-30,-0.017902756545354892,-0.009163817374863492,-0.016363585053347784,-0.002911114933084824,-0.028767159635273765,0.002857187919363291,0.015909060571802858
2022-10-04,0.04947915312193074,0.053179201323277914,0.05175594174261433,0.03357661830296954,0.05077581550751753,0.034188006144104,0.017897202517503707
2022-10-05,-0.007444260866230623,-0.03732166004837767,0.00702992369566946,-0.01553669534771629,0.026845422977102018,-0.005509619269456034,0.0
2022-10-06,0.0125001012950956,0.012542840245478137,0.010471119818798114,0.012912386129065645,-0.02352936246044579,0.016620430050038548,0.0
2022-10-07,0.017283894924706722,0.006756695274690472,0.020725451163868813,0.06940515833008964,0.013386984593940054,-0.035422361899827504,0.0
2022-10-11,-0.03155344570197682,-0.011185676367084563,-0.025380729920577494,-0.07284769966075821,-0.02642004600314718,-0.07062140808103445,-0.02857150078596493
2022-10-12,0.012531429918615666,0.00791857663440676,0.006944414227884943,0.009999996825674984,0.013568382652364486,0.02127662913214734,0.0045248915029609815
2022-10-13,-0.012376336722330517,-0.01907970363842315,-0.010344744979323584,-0.03818956613498037,0.0040159761602232,-0.0625000369355524,-0.033783864412750164
2022-10-14,0.032581504432992014,0.017162413384339104,0.019163736108510854,0.030882425983606687,0.025333413127350823,0.028571437576668357,0.01165507235665153
2022-10-17,-0.036407742493315576,-0.0022496028775934596,-0.011965815948764114,-0.01569191985549534,-0.0039010848133314013,-0.012345689604928767,0.0
2022-10-18,0.032745558077768244,0.020293129804956678,0.006920384953877701,0.010145005010833152,0.028720614489728735,0.0281250089199363,0.020737396094410387
2022-10-19,-0.002439028090988171,-0.005524999478392356,0.010309346890355897,-0.024390337209394986,0.0025378645411411327,-0.0334346339456415,-0.013544123957021093
2022-10-20,0.01467002901696235,0.020000009450549694,-0.006802691075224687,-0.023529393504098328,-0.008860603956333368,-0.02515725391111656,-0.009153233984777631
2022-10-21,-0.026506061738337916,-0.01525050025372876,-0.015410984559727336,-0.009036106023844748,-0.008940043599815706,-0.019354823419511225,-0.004618942244677848
2022-10-24,0.0,-0.0055309234934549645,-0.005217425615801741,0.027355589741459685,-0.02577305271875019,0.01315784059198144,-0.009280751745656124
2022-10-25,0.022277179176510176,-0.015572906510808893,-0.012237766269426076,-0.01479291837187835,0.009259212357930258,-0.022727244888242737,0.0
2022-10-26,-0.004842622306457822,-0.0011299332948199181,-0.005309691814056494,-0.018017941371501478,0.027522914363675266,-0.0166112937085795,-0.016393507273498864
2022-10-27,0.024330857407022455,0.014705845564471298,0.04804262917242297,0.03975526440427579,0.04846930777734415,0.03040541515056394,0.011904823605930037
2022-10-28,0.0,0.018952081352352712,0.023769183440037978,-0.008823491929464966,0.006082772509183432,-0.019672115565402715,-0.01647055662831376
2022-10-31,0.01662718201870539,-0.04376365334247778,0.009950168219357014,-0.002967346332908627,-0.0024182907507620532,0.006688935669482365,-0.014354081089725135
2022-11-01,0.018691615953142948,0.009153332552852111,0.0032840218636362994,0.017857148761765362,0.0012119146091895683,0.01328904816058718,0.016990258354965926
2022-11-02,0.002293581254182442,0.015872968421279943,0.004910016494097613,-0.008771973281418877,-0.002421110931537962,-0.009836090334428671,0.011933235518534646
2022-11-03,0.004576590629913335,-0.006696463109743589,0.0,-0.01917400057304064,-0.00849531889598898,-0.026490023988295364,-0.016509595256569365
2022-11-04,-0.006833648594807951,0.008988874430609695,0.014658078077161907,0.0045113005551977725,-0.0024477816216029735,0.03401360038821588,-0.014388407012147053
2022-11-07,0.01834857493748454,-0.010022370017016669,0.024076992851050916,0.005987998058054389,0.0012268939793358413,0.00986838044398608,0.009732470241271551
2022-11-08,0.009009022296017521,0.0022497942273045357,0.004702156549531766,0.023809504127449088,-0.0012253905550414501,0.022801339379556973,0.048192717426599696
2022-11-09,-0.0022321461198427928,0.003366972832631099,-0.01560059063670971,-0.011627937959246992,0.011042919981445687,-0.022293028471578435,0.02068962847478728
2022-11-10,-0.01565997819847187,-0.020134236488703605,-0.0253566053536759,-0.001470541142148285,-0.015776820091595645,-0.016286643265685186,0.015765828060496867
2022-11-11,0.03181815475880412,0.02853884636950843,0.004878009719413656,0.05596474077586566,0.020961939014223496,0.07615895868548028,0.0066518455269566346
2022-11-14,-0.02202639295828146,0.005549339276039955,0.009708802795857396,-0.016736483364391153,-0.003623216074013502,-0.006153820963046508,-0.026431744364855625
2022-11-15,-0.013513459701128938,-0.0033112284356142663,-0.012820527274774562,0.04113477211453187,-0.007272783012340245,0.02476776131808167,0.009049690082798323
2022-11-16,0.0045661417780182845,0.0077519620800012845,0.009740253019448364,-0.013624070793674004,0.019535952886321706,0.0,0.0022422009889886407
2022-11-17,-0.01590911458604627,-0.029670341071245443,-0.003215384758941897,-0.01657451569042334,-0.017963998412140136,-0.03323261281237255,0.0022371847710822568
2022-11-18,-0.025404119846958673,-0.01019252951758054,0.014516153853954883,-0.007022480786054719,0.009756172789561424,-0.0281250089199363,-0.0022321909474883883
2022-11-21,-0.011848281111252024,-0.00686502374385578,0.020667652644801082,-0.0070721447869371845,0.013285018049395969,-0.022508010459487693,0.0
2022-11-22,-0.011990503137720876,-0.017281048190485482,-0.009345719502806271,-0.0028489906748435656,0.008343223410446798,-0.009868445761595845,-0.03803122227121669
2022-11-23,-0.004854376261842597,0.009378578439799279,0.018867910179527714,0.022857203622793643,-0.0011819369133277968,0.02990034186916679,0.002325535858498373
2022-11-24,0.014634248404094441,-0.010452867705081248,-0.010802540236665048,0.019552987672558197,0.026035278954912755,0.041935504120106826,0.004640375872828173
2022-11-25,0.009615240824924376,0.004694793030486588,0.00936036810117269,0.013698571761332046,-0.0011533088243224077,-0.015479873877075057,0.0
2022-11-28,0.002380956093180231,-0.029205542124404182,-0.003091142736038832,-0.02297291393260925,-0.0334873505268638,-0.03144659860989141,0.07159355736523287
2022-11-29,0.023753006067274596,0.012033687077258604,0.004651193546614696,0.03042879292885048,0.045400378779818285,0.04220781418597386,0.0
2022-11-30,0.01624139994721796,0.004756199276132911,-0.004629660101427846,-0.0013423134065434494,0.018285548532869234,-0.0031152520789533567,-0.010775916819956488
2022-12-01,-0.0068493995497024285,-0.001183521888561967,0.0077519210740262245,0.017473155913090954,0.03254765310929253,0.043749944929089235,0.0
2022-12-02,-0.029885027190787117,-0.005924117481845403,-0.021538401385605477,0.007925989752549212,-0.009782394999554245,0.0,0.002178696220148213
2022-12-05,0.0,0.014302713688635338,0.009433885954760912,0.030144221385006054,0.0010976054546338876,0.023952117879924018,-0.02391311160812226
2022-12-06,-0.007109092806453443,0.008225642876968031,0.007788145244929545,-0.017811769395387977,-0.005482498433467264,0.0,-0.024498957923222986
2022-12-07,-0.026252868037531685,0.05477865541218585,-0.012364638903762604,-0.0025905906196902473,-0.02756331505218057,0.005847929449081635,-0.01826467319186742
2022-12-08,0.0,-0.02541441490380525,-0.009389732741692192,-0.011688297165868944,0.015873036708158095,-0.02034881271078104,-0.01627913307477069
2022-12-09,-0.0024510641822026447,0.021541947707991227,0.007898876816587519,0.022338967068225468,0.03683024144361058,0.020771487826282353,0.018912548832496157
2022-12-12,-0.009827944403215438,0.017757980083927816,0.017241355545420056,-0.010282732297020258,0.016146519345914268,-0.011627859993278755,0.0
2022-12-13,0.004962786413970077,-0.004362010917827286,-0.0061633013685739035,0.001298659605236674,-0.01800851784818913,-0.020588209528693002,-0.002320140289059358
2022-12-14,0.014814755529168,-0.01423883092586542,0.013953444299181106,0.023346275466856303,-0.004315027769176916,0.003002931018095012,0.009302238950313901
2022-12-15,-0.012165388871579697,-0.024444413992672942,-0.004587186495361717,-0.03675533561206157,-0.03466963043381566,-0.026946058301460796,-0.011520796638226694
2022-12-16,0.002462977117643428,0.007972690193949417,-0.003072149621284992,-0.018421046284028186,0.004489372822142901,-0.015384613504704991,0.004662105533847383
2022-12-19,-0.0024569257657026666,-0.006779695876199976,0.0015408422796878707,0.009383300257342686,-0.0044693084303419894,0.021874972464544618,-0.02320187936414031
2022-12-20,-0.012315288812917768,-0.004550584760011467,-0.01230770625316413,-0.01593626115228064,0.0011223432055358362,-0.03975531138538391,-0.016627046637816112
2022-12-21,-0.004987620152777872,-0.0022856936225706947,0.012461073485219298,0.005398162763974534,0.015695089649856886,0.019108264948901832,0.02415461333521174
2022-12-22,0.00751889077507828,0.030927749676196825,0.001538404091443235,0.03624156720048766,0.0,0.05000004343621134,0.0
2022-12-23,-0.012437829179761328,-0.012222206996336471,-0.0061443667846086125,-0.020725372569198597,-0.014348897295347274,-0.00595247452244696,-0.01415095710395775
2022-12-26,0.01007558170797962,0.00674919133220242,-0.013910312211192877,0.010581965483329236,-0.0011197299244930514,0.0,-0.009569387393150164
2022-12-27,0.009975077004576782,0.01675981529297399,-0.0015673395709892013,0.04450264825563566,0.015695089649856886,0.03592823627064878,0.0024155109374093264
2022-12-28,-0.012562844132968487,0.058152810453570014,0.0016666441180197555,0.027221439392177915,-0.014035137729342062,0.020231187666348793,0.007370893082809138
2022-12-29,-0.038167949555988456,-0.01939654144431724,-0.04991682023046662,-0.030075152302734942,-0.0023724379673818463,-0.03399430718797114,-0.021951176380434423
2023-01-02,-0.021164021614399675,0.001098855466231674,-0.01225917407153898,-0.04651164090585691,-0.029726547303322248,-0.046920860048452306,-0.017456324032575354
2023-01-03,-0.0054053837824225015,0.015367720166460375,-0.01773047718440146,0.005420096498777616,0.022058954543277665,0.08615386006518322,0.005076029518689573
2023-01-04,0.024456598244417815,0.0,-0.014440462090600459,0.0,0.050359635383522505,0.03399430718797114,0.0
2023-01-05,-0.005305103402105882,0.015135127758385991,0.016483521484830677,0.01078160908147141,0.07191794358544756,-0.0054794296980062995,0.007575844652412345
2023-01-06,-0.005333311825506559,0.003194930292747422,0.009008961949325434,0.02533336928958896,0.03940350963868955,0.016528967210867496,0.0050125212077134496
2023-01-09,0.03753353241583324,0.037155013494246214,0.005357144706066297,0.014304314789439943,-0.0030738459257225736,0.027100266336104406,0.014962563456493161
2023-01-10,-0.020671833551137553,-0.004094163580955934,0.0035524236090258565,-0.01666674408687019,0.015416272437382972,-0.02374676073608184,0.0024569975936743482
2023-01-11,0.0,0.016443978662389336,0.0,0.010430329531826654,-0.03238869461802363,0.018918895421754733,0.017156927594631943
2023-01-12,0.0052770233506458375,-0.009100137650812523,0.014159320967161326,-0.021935462262041128,0.0062761292936084345,-0.04244025152197595,0.0024095365818124215
2023-01-13,0.013123306382397004,-0.005101996434114575,0.04362993369411172,0.009234810801277638,0.02910622199375945,0.03324097010868199,-0.004807586169768174
2023-01-16,0.007772072985698708,0.018461528372858194,-0.015050172783197424,0.03529409103398895,0.06262618082158466,0.07238602843905673,0.0024154540019274418
2023-01-17,-0.0025706836683545564,-0.0010070900792547022,0.03225819380609596,-0.032828299381264414,-0.007604589468406475,0.024999997517930694,0.0
2023-01-18,-0.01030931938688917,0.028225875089138874,-0.008223777088830042,0.009138434841297727,-0.02107275082430715,0.03902442520844773,-0.0024096336427019693
2023-01-19,0.005208312385456937,-0.004901998208381442,0.03648423507436416,0.012936535942463134,-0.005870820888649098,-0.018779358916715894,0.0
2023-01-20,0.0051814097762505895,-0.014778357745072301,0.01120004813519837,0.006385694188526525,0.01377945135315417,0.02153106002075722,0.019323632015419312
2023-01-25,0.0036081830041230223,-0.035999982294365074,-0.003164514242148919,0.0012690626182754183,0.01747574938585572,-0.011709601002295678,0.0
2023-01-26,0.016435591810455064,0.002074687738194969,0.003174560183060837,0.006337133616685087,0.013358865859289581,-0.023696680680438065,0.009478653986081165
2023-01-27,0.03840325732994354,-0.0010351537325060667,0.009493608257907793,0.007556631830018867,0.0,0.007281572114765433,0.0
2023-01-30,-0.027737301249984192,-0.011398999908600715,-0.02037616140562659,-0.014999982424456881,-0.03578162786337813,-0.012048191618141746,-0.016431892254623937
2023-01-31,-0.008508506735287247,-0.014675044845355423,-0.02239996373956421,0.0012690626182754183,-0.04785150567407492,0.0,0.0
2023-02-01,0.012115109949211167,0.003191531293208927,0.0016367069180251992,0.010139427494830766,0.009230736608264678,-0.002438966037252688,0.031026190346866933
2023-02-02,-0.010972556652720233,-0.008483645228433034,-0.011437956708222452,-0.0012546640240307383,-0.027439099123367616,-0.002445026234439207,0.011574051411240793
2023-02-03,0.011094289371369248,0.009625707642406445,-0.006611549541406414,-0.007537712852068723,0.01567401532774526,-0.002451019040293767,0.0
2023-02-06,-0.014962613726094864,-0.01483050074789427,0.0,-0.012658223515575218,-0.015432131856486841,0.031941048962751184,-0.020594925810096698
2023-02-07,-0.009620198474225128,-0.009677458307188691,-0.00831949300895074,-0.002564157140457324,0.006269658822472435,0.0095238653562979,0.004672887960895045
2023-02-08,0.022494862295707074,0.0021715515971572064,0.0050335586792891185,0.023136323443925022,0.015576269612590066,-0.025943429803712337,0.002325576820520814
2023-02-09,0.002499989945019321,-0.006500538536629685,0.0,0.0037687884881087985,-0.02147240476359069,-0.004842595221791979,0.0
2023-02-10,-0.007481266743423531,0.009814652737694995,0.006677775434642097,-0.005006229190486766,0.020898628557688648,0.014598480195817443,-0.002320181061225335
2023-02-13,-0.015075396790749318,-0.01943843460013206,0.0414594298440667,-0.016352209300878107,0.003070699904008878,-0.007194167867980328,-0.009302307282083033
2023-02-14,0.010204122673390437,-0.012114576020984424,-0.020700620875517273,0.04475708754563135,-0.04387751234184745,0.0,0.0023474131792320385
2023-02-15,-0.05909094528514458,-0.012263047364620028,-0.006504111687925418,-0.011015947358565481,-0.054429016179795786,-0.007246394884491414,-0.01639341014759088
2023-02-16,0.008051583745261937,0.003385956376321664,0.013093316425349721,-0.00247523327750121,0.00225720187405809,0.014598480195817443,0.0
2023-02-17,-0.003727388609238824,0.0,0.006462015112180586,0.007444125780357025,0.040540591698772666,-0.007194167867980328,-0.004761991076769334
2023-02-20,0.004275736600661384,0.012373493146055736,-0.016051413664369685,-0.004926080159923463,-0.007575670754745634,0.007246298959113773,0.007177116024918995
2023-02-21,0.0,-0.006666663023532138,0.00652533287426782,-0.001237650103224519,0.010905025663735968,-0.02158269407448976,0.002375292139596974
2023-02-22,-0.020223493486684174,-0.013422811407546753,-0.016207505256192523,-0.021065655162468278,-0.02912620390999099,-0.03431368254782163,-0.01895730797216233
2023-02-23,-0.008690911232687948,0.004535144863389462,-0.009884614114479273,0.008860742770120389,0.004444460215427659,0.013705557355300657,-0.0024154540019274418
2023-02-24,-0.011506820284874264,-0.013544010540336604,0.0,-0.006273523678212656,0.0022124436802091196,-0.01852784486393888,-0.0048427026246252725
2023-02-27,-0.011640768516167688,-0.008009195705007022,0.0033277420742852115,-0.025252585257083626,0.004414933633141382,0.0025510607249912276,0.00729935377114499
2023-02-28,0.0016825144726291263,0.0034602530856657765,-0.014925309576870438,0.02072541110414261,-0.0021977638350973994,0.04834600969666769,-0.009661913303045333
2023-03-02,0.019596874790568153,0.001149377528072204,0.001683478911785885,-0.02157358411708976,-0.015418602711748108,0.014563144229530867,0.0024390195978261087
2023-03-03,-0.0016474927418614893,0.00574057221264912,-0.01680677416280929,-0.01037607557479725,-0.015659776916334467,-0.0047846694482309715,-0.0024330852552054694
2023-03-06,0.01430147862415132,-0.004566207482000206,0.005128206943497027,-0.015727371902494625,-0.012500210106826004,-0.02163466977167161,0.014634117586956208
2023-03-07,-0.018438172385892737,-0.004587153376067077,-0.0017006573926544588,-0.0026631724170111948,0.008055337846045285,-0.007370928735459414,-0.009615269167116303
2023-03-08,-0.01712710845708032,-0.01728114341706788,-0.017035757218534564,-0.013351202613273938,-0.006849291412251879,-0.009901047521646555,0.0
2023-03-09,-0.020236114224757462,-0.0011723803713159509,-0.00519930837627991,0.01353186934260342,-0.016091962461683318,0.007500019111933431,-0.004854456733076606
2023-03-10,-0.011474423129090638,-0.01877933368924456,-0.015679447411099612,-0.02136183753997145,-0.012850389983833588,-0.04119106606832246,-0.017073137184782317
2023-03-13,0.002321504085905035,-0.015550182585438832,0.017699169534563852,-0.006821280287423681,0.01065084979137021,-0.004658376315612278,-0.019354820009159557
2023-03-14,-0.02953097096992663,-0.035236968528695733,-0.026087035438957518,-0.03296699296807459,-0.03864174737245896,-0.03796153838210903,-0.03441302871039431
2023-03-15,-0.009546519906509343,-0.0012593935749970475,0.01785712436790865,0.008522678171476894,0.023142565866834275,-0.007026966166471138,-0.003668713754615416
2023-03-16,-0.018674739079322378,-0.010088266647950261,-0.015789406761034352,-0.007042251375576569,-0.032142844636497636,-0.024496522346891036,0.0
2023-03-17,0.012891312190641102,0.0038216016455923096,0.005347595162034313,0.06099290442847671,0.015990034785215546,0.07142863474666483,0.0063125181165868405
2023-03-20,-0.012727241349084428,0.02157364485186064,-0.007092249619693569,-0.01604276141775851,0.0,-0.02864586996108942,-0.012545735108065559
2023-03-21,0.026396613961532367,0.007453411974804425,0.008928599162422834,0.0230978039242542,0.018159846452073358,-0.017158191786626698,-0.004235078975128426
2023-03-22,-0.01136366697906066,-0.0036991853483999693,0.007079550529907053,-0.0066401042388207765,-0.011890598934945595,-0.007637786123139478,-0.006911246354218026
2023-03-23,-0.01209926189023025,-0.01361380375625898,0.0017575184939406796,0.0040107807264186945,0.009627090929795967,0.003298545974037115,-0.013918580374882583
2023-03-24,0.011635059832862504,0.0,-0.0017544350419081978,0.01731018865794165,-0.0381407744772948,-0.013150696557036712,-0.01194369028277864
2023-03-27,-0.0018159343540753436,-0.00501881773817503,-0.003514891413583965,-0.0274869303583124,-0.006195730857859738,-0.007773383463139605,-0.026922937746723608
2023-03-28,0.007277147007150209,0.0037830483091692013,0.017636739440537896,0.0188425681930684,0.016209559410669705,0.007274698684867298,0.07848670825018855
2023-03-29,-0.0024082554811929446,0.006281455289967042,0.0017330788661062968,0.0,-0.007362039992377389,0.02055561506393211,0.0031413338737777963
2023-03-30,0.042848562791915956,0.01997501996816342,0.0,0.00792604963543031,0.011292268743529954,0.006532341103799411,0.01670149144222921
2023-03-31,-0.001736159924833447,0.002447979065309136,0.005190313154243897,0.01441672804551053,0.009925673527479528,-0.002163279722785738,-0.014373729157984183
2023-04-03,-0.0040579920461080166,0.002442001097744395,0.012048173017743746,-0.0025840343928661413,-0.0024571324124520455,-0.007588109013658806,-0.009895834589906505
2023-04-04,0.015716017184348674,0.0,0.008503498268809029,-0.006476682213795493,0.014778496907686955,-0.005461474002609434,0.014729102993750187
2023-04-05,-0.005157553762164535,-0.007308156766387519,-0.008431798484988873,0.0130378766614625,0.0,-0.004393194207338635,0.005702404182967191
2023-04-06,-0.026497791194302733,-0.009815945490303402,-0.015306057404248175,-0.02187907024913316,-0.02063120380524508,-0.0237176834050582,-0.01030925801559246
2023-04-07,0.012426100055365374,-0.00867414755223006,-0.017271281325857535,0.01710534367657579,0.011152443055092887,0.0016949869378646287,-0.005208322952946709
2023-04-10,0.0011689399345216067,-0.0024999987192104722,0.0017575184939406796,-0.009055680098771446,-0.008578327668495644,-0.02256065096345161,-0.002094257731096727
2023-04-11,0.005253900158240565,0.018797034187052697,0.022807074269218575,0.01305482623192944,0.014832990311114846,0.0040392561663880056,0.017313753937417742
2023-04-12,0.02380953938053465,0.017220162652513915,0.00857628461165505,0.00515467940802905,0.010962368303989445,0.0005746988708010825,0.007220222981109803
2023-04-13,-0.020419765478852048,-0.0072551351017029475,0.003401455655666741,0.024358938182139855,-0.018072296968714485,-0.00919012861252988,0.04198666502355608
2023-04-14,0.011580822247043043,0.017052365788237545,0.016949063309649848,-0.012515640659060301,0.035582824204951624,0.013913055689978915,0.024569975936743926
2023-04-17,-0.02690328165998357,-0.009580833150413026,0.006666714985199107,0.0025349082792129884,-0.016587671913527058,-0.01715270189341156,0.028777019418182892
2023-04-18,0.0,0.0072551351017029475,-0.008278171011528723,0.018963330546451385,0.012048131476239732,0.015125057597292102,0.02564106897644458
2023-04-19,0.0029411645020305244,-0.0036014878290494545,-0.0016694957149425704,-0.009925635230523366,0.004761959677698435,-0.0051575836677845155,0.0
2023-04-20,-0.013489737951998815,-0.004819274728682488,0.0033445059264884947,-0.008771846006665251,0.008293835956763473,-0.020161265878237966,-0.01818187310945929
2023-04-21,-0.007728920218023516,-0.010895828751848802,0.0,-0.016434968514433823,-0.00940081297807216,-0.028218661635561415,-0.009259241128992679
2023-04-24,-0.010185737480591261,-0.011015955959452928,0.0016667132595371559,-0.011568092212203007,-0.013048590619424982,-0.020568650610246708,0.018691551843579957
2023-04-25,-0.012711832632925635,-0.004950492538399076,-0.011647235083235952,-0.010403131635659424,0.01201917048636747,0.00679427721624859,-0.004587054677791524
2023-04-26,0.001839414062580813,0.009950243683910731,-0.01178456155362273,-0.014454688819986683,-0.0011876622366479017,0.010429441836528941,0.046082948025645054
2023-04-27,-0.009179987237929343,-0.017241370607850914,0.0034071091106055995,-0.010666605906363036,-0.00951249719418601,-0.012750451640157978,0.02422902544728167
2023-04-28,0.00370599620149048,0.0,0.005093450833506985,-0.002695402270367908,0.007203064311519292,0.008610124253669582,-0.02580640019722602
2023-05-02,0.01784606160592972,0.011278241056224214,0.010135068248408263,0.02837832416153163,0.0107268827628757,0.029878058968636045,0.00882991509755171
2023-05-03,-0.00906888783105575,-0.009913253445758552,-0.008361091672886012,0.0,-0.02004710982447322,-0.012433447041197199,-0.010940897821727469
2023-05-04,0.0012202906298033334,-0.0037547425438111404,-0.02360879829760476,-0.009198406038837703,0.00120338334245651,0.014988008093569594,-0.013274310258262534
2023-05-08,0.01706275650923028,0.021356824412224418,0.017271066735793372,0.013262595093866958,0.0168270178071368,0.0041346905380059695,0.004484296022783774
2023-05-09,0.0047933279173395515,0.007380069708220249,0.005093450833506985,0.017015715422598277,-0.002364093263655387,-0.0199999883196742,0.04687499719027133
2023-05-10,-0.004174141847913759,-0.01343105608065176,0.0,0.0,-0.031990594204370004,0.015006000469358405,-0.002132191950180995
2023-05-11,-0.004191638340923953,-0.006188064948660421,-0.005067639063097151,0.016731025061424765,0.02570378729929801,0.01064456886266929,0.0
2023-05-12,-0.009621147195048585,0.027397244892001016,-0.016977841305575003,0.0012658497331221596,-0.01909310186778368,-0.007606721716610143,-0.034188052578836836
2023-05-15,0.004857355298148125,-0.015757616825638143,0.0034541847351501342,-0.026548690111979578,0.0012166598291034614,0.010023578485659268,0.0
2023-05-16,-0.014501529134629654,0.00369462989043301,-0.012048173017743857,-0.0012987289354235987,0.007290383980812942,-0.016929421140331802,-0.008849540172174986
2023-05-17,0.006131182931247592,-0.004907972745151756,-0.0017421367724197445,-0.0039011831537804076,-0.0048250460147653,0.035629426234021766,-0.0022321384418547696
2023-05-18,0.017672158176986974,0.013563443772867778,0.006980780717574575,-0.011749315369262936,0.014545319882026009,-0.005160540927159896,-0.006711396090777089
2023-05-19,0.008383180346706265,0.001216594266011617,0.00519923659831889,0.01849402056529481,0.005973685868739587,0.004610955164357833,0.00225224775705124
2023-05-22,0.0249406517289934,-0.001215115962898694,0.02413803543600368,0.010376145715642826,-0.004750550613900839,0.006884744720810909,-0.022471865362153176
2023-05-23,-0.004055547674169935,0.0024330888111818716,0.001683478911785885,0.0025673793910305776,-0.0023866624339866638,-0.0005697869024139379,0.006896445076417734
2023-05-24,0.0005816563100959904,-0.012135916293762095,0.0033613687538671666,-0.012804093410139217,-0.003588558328334379,-0.013683021492624126,-0.0045662012271873165
2023-05-25,-0.012790683644213097,-0.009828004879562702,-0.0016750885897510726,-0.01426720912661461,-0.014405731042594128,-0.002890218857091287,-0.018348588254956
2023-05-26,0.01766786795851738,-0.007444164949116261,-0.013422846308017156,-0.01052625586859468,-0.007308043840195233,-0.007536281665160294,-0.016355107863132545
2023-05-30,-0.0005787199749445193,-0.00874994428565501,-0.018707442624735893,0.026595663587447138,0.012269977915279062,0.009345803064265468,0.007125876418791144
2023-05-31,-0.028372860798548283,0.008827181633144443,-0.010398616752559708,-0.014248658840354644,0.00484843996067541,-0.009837957643026973,-0.023584858608174164
2023-06-01,0.0017877970173980628,0.003750049310397241,0.005253942106687504,0.009198477101376001,-0.01085647837658088,-0.0011688791270821897,0.01690817801349187
2023-06-02,0.008923319630327109,-0.0024906586265455166,0.019163720955939212,0.0,0.015853538110346177,0.0011702470043790658,0.019002337116776458
2023-06-05,0.0011791835356345093,0.008739020068452064,0.017094070342580148,0.010416606520666782,0.007203064311519292,0.016364771988494065,0.01165508256751524
2023-06-07,0.029446383433144208,-0.006188064948660421,0.01008403665507518,0.0025773048595607584,-0.0011920074415843196,0.017826252076145854,0.013824856564189636
2023-06-08,-0.0234553938966221,0.004981317253091033,0.00166380212552375,0.016709590101643412,-0.009546452131837135,0.018079112777715567,-0.013636336172543118
2023-06-09,0.014059773168113354,0.006195732616407712,-0.0016610384861599492,-0.001264249383377658,0.016867463870219535,-0.01720302687940578,0.02764971312837905
2023-06-12,-0.012131685650191404,-0.012315264719893526,0.0,-0.017721553994152206,-0.01184837912380321,-0.006211255335537569,0.015695126394252856
2023-06-13,-0.0017544353165345195,0.0024937643116254016,-0.011647235083235952,-0.012886593986711437,-0.01678656550582669,0.007386412611078308,-0.024282599964201235
2023-06-14,-0.012302254398580015,-0.0024875609209776828,0.005050506459064685,-0.0013054402639826046,0.001219425261661078,-0.009024260385380622,-0.040723991384761016
2023-06-15,-0.008303624821694111,-0.004987528623250803,-0.010050323418495988,-0.023529417586314882,-0.003654021920097561,-0.013659658896730598,0.0023584858608174386
2023-06-16,-0.0071770427004693715,-0.010025057507771273,0.037225031985186785,-0.004016077340346924,-0.0012225079936718508,0.024235422419252473,0.011764682466832044
2023-06-19,-0.00843377814304147,-0.0025316442562004493,0.03425782868335858,0.014784897681344056,-0.0024479073559032782,0.03887320376493686,0.039534899623903996
2023-06-20,-0.0066828601945725374,-0.007614209237683411,-0.007886459338585783,-0.006622514658880085,-0.006135039752802274,-0.006507544306283641,0.004474264060517985
2023-06-21,-0.014067280574373009,-0.03964197536817027,0.009538887802462703,-0.00666666474387223,-0.00987645285471317,-0.02401743388076505,-0.020044503869059205
2023-06-22,-0.0012407297071530543,-0.005326229075002353,-0.003149563982032366,0.0,0.01246866110322209,-0.006152199812895276,0.00454544539084778
2023-06-23,-0.017391294789756206,-0.03212849819121655,-0.01579777166840779,-0.02013414975313299,-0.016009732419639322,-0.023635333984565743,-0.006787316708821267
2023-06-26,-0.041719297478449824,-0.015214320058982489,0.0032102295503591005,0.010958840786190027,-0.007509369484252737,-0.01498557567241332,0.009111598919351094
2023-06-27,0.023087083770243044,0.005617974294181316,0.0016001110078254221,-0.001354969166775688,0.005044089714655087,-0.009362208411324624,0.002257331827596909
2023-06-28,-0.012894957806684038,-0.006983293468105445,-0.023961733314147082,-0.002713688575123774,0.010037549130978318,0.015947991544133844,0.018017982056409476
2023-06-29,-0.031351994676994344,-0.02953590730020783,-0.009966790019571903,-0.012244937600298322,-0.021437511500176365,-0.029069765428283323,-0.004504439474167787
2023-06-30,0.0026972026353893064,-0.0057970392956046,0.005033631946199879,0.02617076052525058,0.01030927618339117,0.014970058812261655,0.006787321405360425
2023-07-03,0.006724922351478924,0.017492642219016252,0.001669360260001973,-0.0026845484611700554,0.025510250790338862,-0.009439536731932097,0.006741564242074727
2023-07-04,-0.01335999974207669,-0.040114535618721914,-0.01333330522264986,0.07537012720405745,-0.016169137447508475,-0.019058922286954827,-0.006696419897146089
2023-07-05,-0.003385226561507748,0.002985072983437753,-0.01013507901407873,0.03128916933049419,-0.012642298944015806,-0.007893130988576136,-0.00898881159968734
2023-07-06,-0.025135919831207443,-0.00595237768506085,-0.0017065331243740767,-0.010922365460477867,-0.026888586034222617,-0.029987771327840806,-0.03174602177693453
2023-07-07,-0.02299649013213323,-0.01497011296900752,-0.011965803738469671,-0.030674836448757792,-0.007894761977176201,0.0,0.021077256680047673
2023-07-10,0.020684629116675346,0.019756891348558403,0.0328719897847054,0.010126524049330898,0.0066313931301735796,0.0119874080632143,-0.016054995708848607
2023-07-11,0.01397629750715157,0.014903121464562963,-0.0067001529637573665,-0.005012502794568885,0.013175199985127506,,-0.03962701920279821
2023-07-12,0.02067542416911894,0.01615264766009661,0.006745347825985126,-0.0025188772766729928,0.001300323500547318,0.024937677470270092,0.004854298535806656
2023-07-13,-0.004051322032359139,0.0,-0.0033500423061431084,0.013888911649238667,-0.009090867684043658,0.006082700008122499,0.06280198176977492
2023-07-14,0.012881391204647485,0.013005833411710688,0.026890696827041705,-0.006226715227399482,0.030144120825337906,-0.006650564930360647,-0.013636346059960225
2023-07-17,-0.00870150174830131,0.004279539851826275,-0.019639892232540368,0.005012570562229701,-0.006361309028995232,-0.017041951110093767,0.03225805275238747
2023-07-18,-0.003376083588783718,-0.008522723303338031,-0.013355631435773785,0.0024937512929639194,-0.0012803442099931228,-0.017956656156422945,0.0022321105257263607
2023-07-19,-0.004065045967337033,0.004298050968526423,0.005076148440696038,-0.004975163195939825,-0.006410241663695193,0.0012610038138729518,-0.022271657416220503
2023-07-20,0.005442111056669807,0.0071327223313213395,-0.006733992161983449,0.0012500942995483655,0.005161236276159942,-0.004408079941885856,-0.018223240578104982
2023-07-21,0.0027064362436919343,-0.002832975650806535,0.016949081035463776,0.027465644399048195,0.005134839397932911,0.002530046539819475,-0.002320243764218688
2023-07-24,0.0,-0.009943118969518605,-0.008333230752008647,-0.0425273901816936,-0.01660289631161105,-0.016403768811579567,-0.013953470824648817
2023-07-25,0.0006747828042847903,-0.00573887788108185,0.04201676522816866,-0.022842578107709066,0.0012987407796660744,-0.025657495205896774,-0.014150925348642929
2023-07-26,-0.014160449439031053,-0.025974012148671122,-0.014516146866230817,-0.025974087084930098,0.022049321354278728,-0.06254115267624916,-0.016746452924750965
2023-07-27,0.015047751662524256,0.042962878766075185,-0.003273348764748829,0.03600004730074269,0.04568521561371952,0.06320226961533715,-0.017031576764552026
2023-07-28,0.015498763914901126,-0.017045446606676062,0.014778343937265515,0.03346205012284953,-0.03640768554563867,-0.0026420102649465926,0.007425732877329505
2023-07-31,0.013934934365468443,0.011560688163952504,-0.003236205995485575,-0.006226715227399482,-0.010075666627186841,-0.011258271701306888,0.01228502876652926
2023-08-01,0.03141354806980701,0.022857249251550416,0.012986984597058715,0.12155397209639451,0.01526722468424091,0.01607503090866147,0.007281543840953919
2023-08-02,-0.015228447123050493,0.0,-0.009615396562357437,-0.07709504079398732,-0.012531299887029612,0.013843107046720426,0.0
2023-08-03,0.001933044192160116,0.009776473474578218,-0.006472478019821204,0.0351089880062061,-0.024111681825827014,0.004551385514282469,-0.0072289062432217
2023-08-04,0.0,0.017980683752137017,0.017915287365412258,-0.008187119263787346,0.0026007530633702647,-0.0006472979375595767,0.009708693108857247
2023-08-07,-0.008360156960638188,0.006793418791320116,0.008000031861191692,0.0,0.0,0.013601032437944971,0.04326927100969025
2023-08-08,-0.0071335850234569564,-0.018893377909373066,0.01269838514496846,-0.0047170178310123045,-0.0025940066925181915,-0.012779500829058765,-0.041474691349639436
2023-08-09,0.002638595069494487,-0.0013754587446376254,-0.02037617985930429,-0.0011847953295062164,-0.014304407004225417,0.01618122748586548,0.012019247231236818
2023-08-10,-0.00526319761028049,0.05785120701035429,-0.011199992374206547,0.08303674572875352,0.0,0.06624203153030983,-0.009501144116584759
2023-08-11,-0.0006613411687037551,-0.033854148599974265,0.0,-0.025191620649516522,0.007915700719477003,0.014934287143794966,0.007194235047481845
2023-08-14,-0.017207198449938343,0.029649579310020213,-0.014563125066235139,0.050561779319253874,0.0026176669029540633,0.02413184845113614,-0.01428578965208438
2023-08-16,-0.03366999466092013,-0.0327225491804396,-0.02791460498951448,-0.009625757649720179,-0.011749279146134217,-0.005747102826135331,-0.016908159694960623
2023-08-17,-0.013937332127733626,-0.03112306838216905,0.0,-0.0021597565785792527,0.003963024556379313,-0.01734108358702091,0.007370997816504632
2023-08-18,-0.01908129070259923,-0.011173177961789182,-0.01013507901407873,-0.028138542326798133,-0.011842035647483873,0.005882328893446864,-0.014634127511078843
2023-08-21,0.009366080067210403,-0.007062200693253029,0.008532387083799664,0.0022272189716854296,0.013315548280510292,-0.02807014263973262,0.0
2023-08-22,0.013561716047327588,-0.007112430102050427,-0.005076148440696038,0.0011110746581362019,0.0013139931265084837,-0.0018050706493673019,-0.004950521231210425
2023-08-23,-0.000704188615299528,-0.0014326053653119786,0.0034013879256107327,0.003329584644609085,0.01837272672975976,-0.011452647564478169,0.007462677018350572
2023-08-24,0.009161352060863548,0.00573887788108185,-0.01016950395121452,0.0453540535704704,-0.006443284476427835,0.013414615246588157,-0.007407397999533605
2023-08-25,-0.004888346851693037,0.011412262183147615,0.0,-0.012698454119151936,0.005188119172185868,-0.0006016703041475946,0.02487565567865735
2023-08-28,0.014035139104352279,0.016925238020914612,0.020547900697339472,0.0,0.007741854414239802,0.01745936175825058,0.009708693108857247
2023-08-29,0.000692005435500409,-0.004160828682273077,-0.0016777632051363511,0.013933613050456817,0.008962931633169857,-0.006508954718128623,-0.0024038114007221
2023-08-30,0.008298763415065524,-0.00974935513855868,-0.006722742787981684,0.013742021121519121,-0.006345163084964578,-0.00536032374108375,0.012048208853036035
2023-08-31,-0.008916296078501418,-0.0014064113866866235,0.0,0.027111588551579135,0.010217110871668433,-0.02634727021715344,0.028571390888243453
2023-09-01,0.03321802481782621,0.0056337995647479655,-0.010152296881392076,-0.05583754505817207,-0.0012642608281140388,0.006765088905095418,0.06712966567241496
2023-09-04,0.009377030638974437,0.039215663763792596,0.02735043843945384,-0.004301166806631396,0.00886071871925953,-0.0018326373936751184,0.006507583626569335
2023-09-05,-0.009289918785885587,-0.008086248902732796,-0.0016639408463495764,-0.035637093150554744,-0.005018870782216411,-0.010403910744668177,-0.04525864678657732
2023-09-06,-0.006698000970972173,-0.014945699537701862,0.006666720621042899,-0.01567746244111612,0.007566331782902891,-0.00927646131404214,0.015801393717330692
2023-09-07,-0.015509047105274343,-0.0041378723977748555,0.05463576170125717,-0.01023894123595237,0.003754705120596169,-0.009363257813560288,-0.01777778363960658
2023-09-08,0.0061643893909131275,0.011080326120078476,0.059654598198714215,0.01724137395178449,0.001246818882980394,0.021424057722388312,0.009049732034187574
2023-09-11,0.0027229071873515753,0.005479448978400248,0.048888890500971005,0.0,0.013698639876716712,-0.01295496206522373,0.008968657605034736
2023-09-12,-0.008146647440659405,-0.010899176475396843,-0.0014124119576758298,-0.006779622282115372,-0.0012285385261204818,0.010000008687242268,0.002222189982163947
2023-09-13,0.0034223531881139024,0.012396630762973926,0.005657638747322169,-0.023890801361033165,0.015990244675653464,0.003094046707873055,0.05321509686366932
2023-09-14,0.008185546590177895,-0.005442174139535294,-0.018284111896363475,-0.0069930299125200435,0.00847453694126532,0.004318341104358803,-0.02526320822527628
2023-09-15,0.027740143502455794,0.0027359767315826566,0.010028764019404779,0.014084490056647914,0.044417744538559845,0.0221129800082438,0.036717130558913125
2023-09-18,-0.010533220908501728,-0.0040927114666373665,0.014184452991223395,-0.015046241891418788,-0.0022988266524768264,0.019831793267017117,0.125
2023-09-19,0.004657321075339782,0.03835614284880151,-0.019580518397206537,-0.023501818114573747,-0.0034562321319084877,-0.007071366698348958,0.033333289369617436
2023-09-20,0.010596107256178211,-0.010554084003137842,-0.03566336366469647,-0.0012033300439319161,0.01734109551105023,-0.011275930332601436,0.007168496904599753
2023-09-21,-0.017693331866266093,-0.005333330418825666,-0.02958573630982486,-0.018072283269132905,0.005681805016482411,-0.028811549506047363,0.05516011679266253
2023-09-22,-0.004002672132224161,0.0,0.02439025300546427,-0.012270000933602199,0.0033898411303427967,-0.004326286629237064,0.033726791550016344
2023-09-25,0.0013395148340011875,-0.0013405367772968413,-0.013392873407935157,-0.0037266533304151084,-0.01013525863476794,0.014276812556046847,-0.06199021944256777
2023-09-26,-0.022073493990795945,-0.034899311579564496,-0.013761473254118362,-0.022443829066339238,-0.017300958115691878,-0.009179889077935321,-0.022608644192184446
2023-09-27,0.0,-0.005563279482457051,0.02790698777409273,0.003826473951916931,-0.0035211290878914836,-0.003706025139328606,0.008896738524343695
2023-10-04,-0.050615677356233846,-0.026573470186286308,-0.03921567437024143,-0.06353238056980282,-0.024734998738788594,-0.013639162836360352,-0.03703699051458342
2023-10-05,-0.02017289247130416,0.01867821100722944,-0.0392464894432909,-0.02578015152864832,-0.01207736767327916,0.013199241482150015,0.00549449832737392
2023-10-06,-0.00808816509930399,-0.0014103786945990349,-0.017973855994212196,0.03203335338308255,0.04645483553558449,0.004342450903531692,0.005464473785300461
2023-10-10,0.02149734622167987,0.028248571217856178,0.01663890446240912,-0.013495272319643203,0.008177544402171444,-0.08276717933736144,-0.02173910238609733
2023-10-11,0.06894048281435827,-0.00412093309932704,0.0049100076775072665,0.013679886107971884,-0.013904992556423412,0.02626266624181217,0.02037036792794167
2023-10-12,0.08010866378348669,-0.011034477144467814,-0.0032573230111019313,-0.001349483443631283,0.016451277277073295,-0.008530239810878082,0.02359341142677618
2023-10-13,-0.03519805495578954,-0.011157595375627438,-0.006535935675880067,-0.009459514466351404,0.005780288760537156,-0.010588957758235762,-0.03014182929383935
2023-10-16,-0.01107486049011297,-0.014104365017428844,0.0016447006913529183,0.0054570684961805505,0.004597766196903441,0.030100276922547797,-0.03839124813709771
2023-10-17,0.001317559282034697,0.0014305557754334952,-0.0016420000926653522,0.013568516252267182,-0.012585851534558157,0.007142879707123573,0.0019011884496444864
2023-10-18,-0.013815802022692725,0.010000053866350944,0.02960527448222683,0.00803208228632979,0.019698770528097764,-0.012894917861591249,-0.001897580790962472
2023-10-19,-0.004002672132224161,-0.012729895742065733,-0.023961713110674743,-0.04116867500769705,-0.00568185246381514,-0.015022825634357528,-0.022813659610991244
2023-10-20,-0.027461547900406003,-0.012893918032989005,-0.00981994947628384,-0.004155063550211668,-0.00799997499203331,0.026525155804157485,-0.013618710889718777
2023-10-23,-0.024793303198061056,0.008708268197100466,-0.013223116302386928,0.001390774974775244,-0.025345608452348456,0.005814006810875183,-0.003944716221738198
2023-10-24,0.0007061778240586847,0.021582781329637424,-0.005025150022617275,0.01388895982531424,-0.0011820972788749717,0.012845162244746966,0.025742514524349502
2023-10-25,0.009174283047289844,0.029577389989205338,0.02356904821053174,0.020547863514235543,0.007100596898746536,-0.015218720512639061,0.042471116791427344
2023-10-26,-0.015384593104410205,-0.016415860389495718,-0.02960527448222683,-0.03355703723641401,-0.01762633474901132,0.012878247043524693,-0.03703708588561028
2023-10-27,-0.009232925536831749,-0.00834491922368552,-0.005084770508208214,0.01388895982531424,-0.01435407757556928,0.008264517580719222,0.0423076893811134
2023-10-30,0.027956900591900924,0.009817724212968004,0.001703608703216064,0.0013698180581445119,-0.03762135483935847,0.008827214495534363,0.0129151614771148
2023-10-31,-0.009762836677169484,0.0013888311743017745,-0.023809548257958557,0.006839943053986053,-0.011349314874629757,-0.0037500342835811162,0.0
2023-11-01,0.02042247951351861,0.015256637111799698,0.0017421921649738437,0.00271737573055697,0.010204123515423769,0.0031368124076309734,-0.005464473785300572
2023-11-02,0.0276052356641443,-0.0027322389073553,0.013913017668345073,0.008130108109553946,-0.015151525924758213,0.006879258867491078,0.0018314752865697947
2023-11-03,0.04432509462990031,0.00821917346760026,0.012006873616686065,0.010752699114063402,0.03205127081177506,0.013043474507267616,-0.0036563265690532365
2023-11-06,0.03408356557832182,0.029891287702405123,0.025423716093911697,0.0372340440832557,0.04968944409738918,0.004291864565150849,-0.016513740686790457
2023-11-07,-0.005597020470297975,0.0,-0.014876039106221484,-0.002564157140457324,-0.03313608712573868,-0.010378504346894246,-0.00932837087949645
2023-11-08,0.0,0.04617417158399717,-0.008389280215588157,-0.012853397174803605,-0.009791863089977704,0.027760650496294392,-0.01883234301953396
2023-11-09,-0.0018761744770532385,0.0037830483091692013,0.0016920783774736492,0.0,0.001236061615334627,0.005402150634009173,-0.011516375564423198
2023-11-10,0.0,-0.023869385932600684,-0.0016892200846935213,-0.013020828565662557,0.007407412557283388,-0.017910433783312474,-0.009708674460845002
2023-11-13,-0.025062648386293795,-0.0012869479279283835,-0.016920443234087257,0.0013192179180199215,0.0,-0.007902727270477694,0.03529407109724203
2023-11-14,0.01928022473665525,0.010309272905560496,0.01032700341552295,0.007905164248935614,0.012254877555235577,0.009191138672353327,-0.015151520828648124
2023-11-15,0.032786883599286165,0.0,0.02555365054256753,0.018300618849930173,0.014527855412562074,-0.002428660325790921,0.02884619335496863
2023-11-16,0.004884042052225368,0.00892861903809461,-0.008305599414381581,0.0077022075936199474,0.0023866685252365016,0.013390182136449269,-0.007476675050259729
2023-11-17,-0.009720511462832593,0.0012641699681132934,-0.006700155081074577,-0.014012761582790079,-0.009523847832580756,-0.009009031571442838,-0.011299420714675712
2023-11-20,0.00429444986749461,0.0,0.015177003497707009,0.002583964523885207,0.0,0.007272733618072236,0.02285711357192377
2023-11-21,0.00183262237148063,0.011363682232132133,0.0,0.001288687274234146,0.007211543575100787,-0.0006016703041475946,0.027932999587305885
2023-11-22,-0.003048815729313148,-0.004993754992040911,0.01328907941754287,-0.00514797558849267,-0.0023866685252363906,-0.0012041248313732211,0.043478276452168174
2023-11-23,-0.001223177826516042,-0.0012547558589641739,-0.0016393742267593048,-0.010349298713335342,0.011961795466423286,-0.0006027583255096003,0.03472219980149016
2023-11-24,-0.015921663670499964,-0.005025123040752422,0.0,-0.011764744138640815,-0.013002404418767322,0.0,-0.01677854621339836
2023-11-27,0.006845092496628347,0.018939435887505462,0.02134646387021455,0.006613754532122096,-0.004790390431127389,-0.03437878448189968,-0.011945354928551866
2023-11-28,0.029666183439607918,-0.0272614469758361,-0.011253966543678384,0.023653094858824275,0.001203337980173469,-0.01561523877041171,-0.006908499455248518
2023-11-29,-0.011404541219868669,-0.02165609072852792,-0.008130098860635537,-0.059050073096345024,-0.008413435273345704,-0.012690366522253083,-0.008695664141352477
2023-11-30,-0.0066787519351937386,-0.003906301281611402,-0.011475421627136329,0.03410647521418775,0.009696911307225387,-0.0038560126724631605,-0.010526302636892915
2023-12-01,0.009779927530558785,0.00522875564873404,0.008291892118490463,-0.0026385785236088255,0.004801988708247551,-0.008387088013341537,0.08865253401493933
2023-12-04,0.012711876256310761,0.0,-0.004934234481633659,-0.00793653405155803,-0.0035842318021733766,0.010409898304603038,0.04560258907050696
2023-12-05,0.007172750176657416,-0.0013003361964393223,0.011570260030624668,-0.013333257382953767,-0.002398115307665538,-0.01159051184070059,0.02024923606365059
2023-12-06,0.0023738578958309997,0.0039061945491518646,-0.006535935675880067,0.010810748397245717,0.0,0.022149824492639247,0.015267135454122949
2023-12-07,0.004736566398230835,-0.010376129925528055,0.0065789351729865775,-0.001336854611223015,-0.010817315362651292,-0.007010793790125258,0.01654141172007395
2023-12-08,0.006481970406355231,0.007863692135437583,0.001633951033428227,0.01740288115089661,0.007290406198067201,0.016688044111627054,-0.007396517933254798
2023-12-11,0.0,0.0026007789865500897,-0.008156559290825816,0.0013158175615961554,0.0036188204281544234,-0.012626273705798274,-0.05663184111168795
2023-12-12,0.0040983335159852086,-0.0025940324813820137,0.009868402759479755,0.0026281769218436946,0.012019207060896209,-0.0019181126624573386,0.001579755921365722
2023-12-13,0.0029154857464728234,0.0026007789865500897,0.0016286942839740526,0.006553077532394758,-0.010688843934164916,-0.005765587473809508,-0.03312304807856847
2023-12-14,0.01162794897806374,0.0025940324813820137,-0.0032520919044523033,0.013020758150833256,0.004801988708247551,0.018685567752239285,-0.06035885711172706
2023-12-15,0.02068958256084885,0.007761962660884469,-0.0032626368490887847,-0.016709451082124405,0.026284334510872753,-0.010120186159278344,-0.0034722405881411067
2023-12-18,-0.017454942278055774,-0.002567392879296526,0.0032733164920946134,0.020914982872639154,-0.013969741841111327,-0.0108626137683826,0.005226474111099666
2023-12-19,0.006876797527391121,0.0025740013520390015,0.009787976211058647,-0.0025608048334767597,-0.003541915099845805,0.00904396783725625,0.01733104606187652
2023-12-20,0.008537287710222552,0.015404462501111382,0.037156668013815786,0.010269586984650525,0.018957327450050077,-0.0006401895245747857,0.020442903512434274
2023-12-21,-0.010722327945064447,-0.0012642735970966879,-0.0015575982177811198,0.008894519536801315,0.0011627603500403705,-0.013452973836860393,-0.01669451353500484
2023-12-22,-0.010268121450488499,-0.0025316442562004493,0.003120119025064927,0.008816172631941788,-0.0034843231619801074,0.0,0.032258068850139265
2023-12-26,0.008645541343931695,0.027918767204839323,0.0,0.009987457953221979,0.0128205536914483,-0.00909088506143052,0.03125000406736711
2023-12-27,0.00685714930730752,-0.020725388601036232,-0.022435897435897467,-0.006098313810783407,-0.01495970357950116,0.003997335109926725,-0.004846526655896577
2023-12-28,0.010215673562071537,-0.007936507936507908,0.03770491803278686,-0.008264462809917328,0.014018701250465337,0.011280690112806857,-0.04220779220779225
2024-01-02,0.014044926976815031,-0.010666666666666713,-0.011058451816745696,0.01388888888888884,-0.01382489418901045,0.0019685039370078705,-0.023728813559321993
2024-01-03,-0.020498604837035694,-0.008086253369272267,-0.011182108626198062,-0.008219178082191747,-0.010514025937849114,-0.008513425016371978,0.02777777777777768
2024-01-04,-0.02997743351130333,0.0013586956521738358,0.025848142164781818,0.006906077348066253,-0.023612798992447614,0.0217965653896961,-0.01858108108108103
2024-01-05,-0.006413938598590185,-0.042062415196743586,-0.012598425196850394,-0.016460905349794275,0.00362757223383392,0.012928248222365823,-0.0068846815834767705
2024-01-08,-0.02288734534055137,-0.0028328611898017497,0.004784688995215225,-0.008368200836820106,-0.006024036244826503,0.01786853860880666,0.005199306759098743
2024-01-09,0.014414428205802965,0.008522727272727293,0.0031746031746031633,0.0,0.009696911307225387,0.007523510971786829,0.05689655172413799
2024-01-10,-0.026643009143396346,-0.029577464788732355,-0.006329113924050667,-0.005625879043600568,-0.012004778617137002,0.0,-0.0032626427406199365
2024-01-11,-0.003649638572989722,0.0014513788098693414,0.01273885350318471,0.004243281471004279,0.0024301679827591904,-0.001244555071561959,0.05237315875613757
2024-01-12,-0.002441972398680381,0.011594202898550732,0.011006289308176154,-0.012676056338028152,0.004848455653612804,-0.009345794392523366,-0.038880248833592534
2024-01-15,-0.011627885437606289,0.007163323782235054,0.05287713841368591,-0.0028530670470755526,0.025331742997081186,0.007547169811320753,-0.027508090614886682
2024-01-16,-0.020433455344330276,-0.008534850640113834,-0.008862629246676468,-0.008583690987124415,-0.02235292514246001,-0.0012484394506866447,-0.024958402662229595
2024-01-17,-0.03286978240878924,-0.028694404591104727,-0.02086438152011927,-0.018759018759018753,-0.006016883519206928,-0.02312499999999995,-0.0017064846416382506
2024-01-18,-0.011764716906814021,0.01624815361890697,0.013698630136986356,0.004411764705882337,-0.004842586005792238,0.019833653230966197,-0.06153846153846154
2024-01-19,0.01719571326177105,0.0,-0.0015015015015015232,0.0014641288433381305,0.002433026445118447,0.02321204516938513,0.012750455373406133
2024-01-22,0.017555284157311002,0.043604651162790775,-0.013533834586466176,0.020467836257309857,0.0012136582291173426,-0.0036787247087676223,-0.030575539568345356
2024-01-23,0.015335478348622589,0.009749303621169991,0.007621951219512146,-0.002865329512893977,0.0399999297904694,-0.002461538461538515,0.005565862708719838
2024-01-24,-0.00566394507368817,-0.004137931034482789,0.016641452344931862,0.015804597701149392,0.01631705981068543,0.024676125848241748,-0.011070110701106972
2024-01-25,0.017721502651142362,0.015235457063711877,0.0029761904761904656,0.0014144271570013522,0.003440369405870891,0.0036122817579771205,-0.02238805970149249
2024-01-26,-0.003731346980198613,-0.0027285129604365244,-0.004451038575667643,0.015536723163841915,0.025142844218571936,0.033593281343731185,-0.013358778625954248
2024-01-29,0.09925093558471643,0.08618331053351569,0.014903129657227954,-0.0027816411682892728,0.0345596381560862,-0.009286128845037767,-0.011605415860735047
2024-01-30,-0.008517805577937354,0.006297229219143663,0.002936857562408246,0.01673640167364021,-0.0021551161773197824,-0.0023432923257176164,0.005870841487279899
2024-01-31,0.05097363974827496,0.028785982478097605,0.04538799414348471,0.03566529492455417,0.03239734290860641,0.006459189665296572,-0.017509727626459193
2024-02-01,0.07356946360137284,0.04622871046228716,0.008403361344537785,0.005298013245033095,0.08786617286817977,-0.0029171528588097795,0.0435643564356436
2024-02-02,-0.0010152563390850577,0.0023255813953488857,-0.022222222222222254,0.01976284584980248,0.07499997292601268,0.0052662375658278915,-0.007590132827324458
2024-02-05,-0.01829270069565747,0.010440835266821269,0.045454545454545414,0.0051679586563306845,-0.012522394055797137,0.012805587892898762,-0.01147227533460804
2024-02-06,-0.00362316450573541,0.003444316877152742,-0.03532608695652173,0.0025706940874035134,-0.016304359707057015,-0.01091954022988506,-0.013539651837524147
2024-02-07,0.02701298550834985,0.042334096109839736,0.008450704225352101,0.0038461538461538325,0.02394111056754511,-0.005810575246949501,-0.050980392156862786
2024-02-08,-0.008598841798522439,-0.010976948408342513,0.0,-0.0012771392081737387,0.017985575858412428,0.0,0.008264462809917328
2024-02-13,-0.0025510498504416335,-0.07658157602663707,-0.006983240223463638,-0.012787723785166238,-0.0194346195581917,-0.019286966686148488,0.02254098360655732
2024-02-14,-0.03478258743865692,-0.009615384615384581,-0.01828410689170179,-0.007772020725388629,-0.037837792785153423,0.05721096543504167,0.03607214428857719
2024-02-15,-0.01218869870683914,-0.025485436893203928,-0.04297994269340977,0.02610966057441244,0.0,-0.024239007891770026,-0.007736943907156624
2024-02-16,0.04077254319269108,0.03237858032378571,0.06437125748502992,-0.007633587786259555,0.04307116513943976,-0.008087810514153637,0.060428849902534054
2024-02-19,0.06958761341647213,0.02533172496984326,0.015471167369901506,0.01025641025641022,0.05745057080103666,0.016889924286546343,0.2897782628676471
2024-02-20,-0.040963869666270414,-0.027058823529411802,-0.006925207756232732,-0.026649746192893398,-0.045840372570447374,-0.0074455899198166975,-0.011111031931467674
2024-02-21,0.007537695884230811,-0.019347037484885088,-0.030683403068340276,0.0052151238591917615,-0.0035586974656242054,-0.009232544720138458,-0.005618049641061829
2024-02-22,0.019950117753469998,-0.012330456226880449,-0.008633093525179825,-0.0038910505836575737,0.017857106942669843,-0.0005824111822947398,-0.0320149885050911
2024-02-23,-0.0024449382549095455,-0.0012484394506866447,0.005805515239477588,-0.00520833333333337,0.03333330981040272,-0.009906759906759932,0.01361865678773988
2024-02-26,-0.06764704412424793,-0.050000000000000044,0.0014430014430013571,-0.003926701570680646,-0.05942270265456584,-0.004120070629782258,-0.0786948670551958
2024-02-27,-0.02471088138952815,0.007894736842105177,-0.01729106628242072,-0.021024967148488782,0.016728624535315983,-0.011229314420803771,0.029166688066047497
2024-02-28,0.04366581069320463,0.011749347258485532,0.038123167155425186,0.00402684563758382,0.01645338208409508,-0.003586371787208553,0.0
2024-02-29,-0.00929752933166772,0.001290322580645098,-0.0014124293785310327,0.0013368983957218195,0.017985611510791477,0.007798440311937549,0.0
2024-03-04,0.007299221572512948,-0.0077319587628865705,-0.016973125884017004,0.020026702269692942,0.06360424028268552,-0.008928571428571397,0.0
2024-03-05,-0.0010351427415170589,-0.0025974025974025983,-0.007194244604316502,-0.00654450261780104,-0.00830564784053156,-0.002402402402402415,0.0
2024-03-06,-0.018652867189941413,-0.01171875,-0.008695652173912993,-0.01449275362318836,-0.008375209380234505,-0.019867549668874163,0.0
2024-03-07,0.01319956215938789,-0.007905138339920903,0.020467836257309857,-0.005347593582887722,0.010135135135135087,-0.04054054054054057,0.0
2024-03-08,-0.01146428775701791,0.005312084993359889,-0.011461318051575908,-0.005376344086021501,-0.0016722408026755842,0.014084507042253502,0.0
2024-03-11,-0.027938821423083016,-0.0013210039630119352,-0.008695652173912993,-0.0013513513513513375,-0.00335008375209378,0.007575757575757569,0.0
2024-03-12,-0.02169196516195737,-0.021164021164021163,-0.01754385964912286,0.008119079837618504,0.0,0.005012531328320913,0.0
2024-03-13,-0.006651890770457358,-0.018918918918918948,-0.019345238095238138,0.016107382550335503,0.02184873949579824,-0.009351620947630868,0.0
2024-03-14,0.054129395479817655,-0.0013774104683195176,0.05159332321699539,-0.005284015852047519,0.0625,0.005663939584644506,0.0
2024-03-15,-0.00847007021749524,0.015172413793103523,0.017316017316017396,-0.02257636122177953,-0.03869969040247678,-0.017521902377972465,0.0
2024-03-18,-0.016550975323357142,-0.009510869565217406,0.0028368794326241176,-0.013586956521739135,-0.0016103059581320522,-0.0006369426751592355,0.0
2024-03-19,-0.00814333022250513,0.005486968449931462,-0.02545968882602545,-0.0013774104683195176,-0.009677419354838679,-0.0108349267049076,0.0
2024-03-20,0.0016420376997277053,0.0,0.020319303338171224,0.01379310344827589,0.009771986970684043,-0.01804123711340211,0.0
2024-03-21,0.043715830821111856,0.009549795361528002,-0.002844950213371278,-0.0013605442176870541,0.030645161290322687,0.024278215223097144,0.0
2024-03-22,0.0010471492394092952,0.002702702702702675,-0.01711840228245365,0.0,0.0015649452269170805,0.01921844971172315,0.0
2024-03-25,-0.017259430523443475,-0.01752021563342321,-0.011611030478954953,0.004087193460490468,-0.021874999999999978,0.007542426147077341,0.0
2024-03-26,0.002661020705381212,0.012345679012345734,0.008810572687224738,-0.01085481682496603,-0.019169329073482455,0.0,0.0
2024-03-27,-0.01698518198771659,-0.004065040650406471,0.00727802037845704,0.008230452674897082,-0.04071661237785018,-0.01684341859014349,0.0
2024-03-28,-0.014038833231116432,0.0013605442176871652,-0.00433526011560692,0.004081632653061273,0.0,0.005710659898477077,0.0
2024-03-29,-0.0027917364600781314,-0.01902173913043481,0.04354136429608135,0.009485094850948617,-0.02037351443123936,-0.012618296529968487,-0.619860788863109
